<?xml version = '1.0' encoding = 'UTF-8'?>
<ns0:simpleDataObject xmlns:ns0="http://xmlns.oracle.com/bam/bam12">
<name>ORACLE_PROCESSANALYTICS_PROCESS</name>
<id>/dataobject/ORACLE_PROCESSANALYTICS_PROCESS</id>
<displayName>/oracle/processanalytics/internal/physical/Process (physical)</displayName>
<internal>false</internal>
<systemManaged>false</systemManaged>
<createdDate>2014-11-21T21:51:53.229+01:00</createdDate>
<modifiedDate>2014-11-21T21:51:53.229+01:00</modifiedDate>
<createdBy>OracleSystemUser</createdBy>
<modifiedBy>OracleSystemUser</modifiedBy>
<alias>BPM_PV_PROCESS_V</alias>
<flexTableConfigured>true</flexTableConfigured>
<category>PROCESS</category>
<calculatedFields/>
<timeHierarchies/>
<cqType>RELATION</cqType>
<cqArchived>true</cqArchived>
<cqSource>jms:topic/oracle.beam.server.event.dataobject</cqSource>
<cqStampType>SYSTEM</cqStampType>
<slowChangingDimension>false</slowChangingDimension>
<physicalName>BEAM_VIEW_8</physicalName>
<eventId>BEAM_ID</eventId>
<replayAmount>0</replayAmount>
<hidden>false</hidden>
<columns>
<column>
<name>BEAM_ID</name>
<id>d0ea2e5e6a7f4f8aab1d08f88de99eb0</id>
<displayName>BEAM_ID</displayName>
<internal>false</internal>
<systemManaged>false</systemManaged>
<length>2000</length>
<nullable>true</nullable>
<unique>false</unique>
<precision>38</precision>
<scale>10</scale>
<dataType>INT</dataType>
<columnType>ATTRIBUTE</columnType>
<hidden>false</hidden>
<editable>false</editable>
</column>
<column>
<name>DATAOBJECT_CREATED</name>
<id>07b4284179e0496d83d1cebefc691269</id>
<displayName>DATAOBJECT_CREATED</displayName>
<internal>false</internal>
<systemManaged>false</systemManaged>
<length>2000</length>
<nullable>true</nullable>
<unique>false</unique>
<precision>38</precision>
<scale>10</scale>
<dataType>DATETIME</dataType>
<columnType>ATTRIBUTE</columnType>
<hidden>false</hidden>
<editable>false</editable>
</column>
<column>
<name>DATAOBJECT_MODIFIED</name>
<id>537a1beb0af742a5b8a2f5823e59ac58</id>
<displayName>DATAOBJECT_MODIFIED</displayName>
<internal>false</internal>
<systemManaged>false</systemManaged>
<length>2000</length>
<nullable>true</nullable>
<unique>false</unique>
<precision>38</precision>
<scale>10</scale>
<dataType>DATETIME</dataType>
<columnType>ATTRIBUTE</columnType>
<hidden>false</hidden>
<editable>false</editable>
</column>
<column>
<name>COMPOSITE_DEFINITION_ID</name>
<id>395e5a2c32bc4d50b614592bb6e4ef3b</id>
<displayName>Composite Defintion ID</displayName>
<internal>false</internal>
<systemManaged>false</systemManaged>
<length>2000</length>
<nullable>false</nullable>
<unique>false</unique>
<precision>38</precision>
<scale>10</scale>
<dataType>INT</dataType>
<columnType>ATTRIBUTE</columnType>
<hidden>false</hidden>
<editable>false</editable>
</column>
<column>
<name>PROCESS_DEFINITION_ID</name>
<id>f6e659a380894886a17d6ebf39249760</id>
<displayName>Process Definition ID</displayName>
<internal>false</internal>
<systemManaged>false</systemManaged>
<length>2000</length>
<nullable>false</nullable>
<unique>false</unique>
<precision>38</precision>
<scale>10</scale>
<dataType>INT</dataType>
<columnType>ATTRIBUTE</columnType>
<hidden>false</hidden>
<editable>false</editable>
</column>
<column>
<name>COMPONENT_INSTANCE_ID</name>
<id>cd906280594c40699ae381fd3c9cf46d</id>
<displayName>Component Instance ID</displayName>
<internal>false</internal>
<systemManaged>false</systemManaged>
<length>200</length>
<nullable>false</nullable>
<unique>true</unique>
<precision>38</precision>
<scale>10</scale>
<dataType>VARCHAR</dataType>
<columnType>ATTRIBUTE</columnType>
<hidden>false</hidden>
<editable>false</editable>
</column>
<column>
<name>COMPOSITE_INSTANCE_ID</name>
<id>703bd75062b74e68b5b31b38b76312d0</id>
<displayName>Composite Instance ID</displayName>
<internal>false</internal>
<systemManaged>false</systemManaged>
<length>200</length>
<nullable>false</nullable>
<unique>false</unique>
<precision>38</precision>
<scale>10</scale>
<dataType>VARCHAR</dataType>
<columnType>ATTRIBUTE</columnType>
<hidden>false</hidden>
<editable>false</editable>
</column>
<column>
<name>PROCESS_FAULT_TYPE</name>
<id>b90adb7eb33641daab361ac1334beccb</id>
<displayName>Fault Type</displayName>
<internal>false</internal>
<systemManaged>false</systemManaged>
<length>100</length>
<nullable>true</nullable>
<unique>false</unique>
<precision>38</precision>
<scale>10</scale>
<dataType>VARCHAR</dataType>
<columnType>DIMENSION</columnType>
<hidden>false</hidden>
<editable>false</editable>
</column>
<column>
<name>PROCESS_FAULT_INFO</name>
<id>1dc6c80299654ca8ae67270602c473eb</id>
<displayName>Fault Info</displayName>
<internal>false</internal>
<systemManaged>false</systemManaged>
<length>256</length>
<nullable>true</nullable>
<unique>false</unique>
<precision>38</precision>
<scale>10</scale>
<dataType>VARCHAR</dataType>
<columnType>ATTRIBUTE</columnType>
<hidden>false</hidden>
<editable>false</editable>
</column>
<column>
<name>PROCESS_START_TIME</name>
<id>6f3ecd2155f3406eb33c24970cb86a5c</id>
<displayName>Process Start Time</displayName>
<internal>false</internal>
<systemManaged>false</systemManaged>
<length>2000</length>
<nullable>true</nullable>
<unique>false</unique>
<precision>38</precision>
<scale>10</scale>
<dataType>DATETIME</dataType>
<columnType>DIMENSION</columnType>
<hidden>false</hidden>
<editable>false</editable>
</column>
<column>
<name>PROCESS_END_TIME</name>
<id>c9f9a5121a7848f58a5ddb4b46f717b3</id>
<displayName>Process End Time</displayName>
<internal>false</internal>
<systemManaged>false</systemManaged>
<length>2000</length>
<nullable>true</nullable>
<unique>false</unique>
<precision>38</precision>
<scale>10</scale>
<dataType>DATETIME</dataType>
<columnType>DIMENSION</columnType>
<hidden>false</hidden>
<editable>false</editable>
</column>
<column>
<name>PROCESS_START_DATE</name>
<id>cdce69392a9b48dd91163943284edfab</id>
<displayName>Process Start Date</displayName>
<internal>false</internal>
<systemManaged>false</systemManaged>
<length>2000</length>
<nullable>true</nullable>
<unique>false</unique>
<precision>38</precision>
<scale>10</scale>
<dataType>DATETIME</dataType>
<columnType>ATTRIBUTE</columnType>
<hidden>false</hidden>
<editable>false</editable>
</column>
<column>
<name>PROCESS_END_DATE</name>
<id>93c97e81bd3c4f0e826753c5b2820557</id>
<displayName>Process End Date</displayName>
<internal>false</internal>
<systemManaged>false</systemManaged>
<length>2000</length>
<nullable>true</nullable>
<unique>false</unique>
<precision>38</precision>
<scale>10</scale>
<dataType>DATETIME</dataType>
<columnType>ATTRIBUTE</columnType>
<hidden>false</hidden>
<editable>false</editable>
</column>
<column>
<name>PROCESS_STARTTIME_MS</name>
<id>154f299086744b1b87bc6bba3657a7d0</id>
<displayName>Process Start Time in Milliseconds</displayName>
<internal>false</internal>
<systemManaged>false</systemManaged>
<length>2000</length>
<nullable>true</nullable>
<unique>false</unique>
<precision>38</precision>
<scale>10</scale>
<dataType>INT</dataType>
<columnType>ATTRIBUTE</columnType>
<hidden>false</hidden>
<editable>false</editable>
</column>
<column>
<name>PROCESS_LASTUPDATED_TIME</name>
<id>4d3f20c9440848a6bb05d0b9cf63a51a</id>
<displayName>Last Updated Time</displayName>
<internal>false</internal>
<systemManaged>false</systemManaged>
<length>2000</length>
<nullable>false</nullable>
<unique>false</unique>
<precision>38</precision>
<scale>10</scale>
<dataType>DATETIME</dataType>
<columnType>ATTRIBUTE</columnType>
<hidden>false</hidden>
<editable>false</editable>
</column>
<column>
<name>PROCESS_RUNNING_TIME</name>
<id>7e8549da32e54436b4f5d2ec4c929675</id>
<displayName>Process Running Time (millisecs)</displayName>
<internal>false</internal>
<systemManaged>false</systemManaged>
<length>2000</length>
<nullable>true</nullable>
<unique>false</unique>
<precision>38</precision>
<scale>10</scale>
<dataType>INT</dataType>
<columnType>MEASURE</columnType>
<hidden>false</hidden>
<editable>false</editable>
</column>
<column>
<name>PROCESS_SUSPEND_TIME</name>
<id>89c8438939a74cf5b292804328c4ef58</id>
<displayName>Process Suspend Time (millisecs)</displayName>
<internal>false</internal>
<systemManaged>false</systemManaged>
<length>2000</length>
<nullable>true</nullable>
<unique>false</unique>
<precision>38</precision>
<scale>10</scale>
<dataType>INT</dataType>
<columnType>MEASURE</columnType>
<hidden>false</hidden>
<editable>false</editable>
</column>
<column>
<name>PROCESS_START_EVENT_TYPE</name>
<id>3be8ce6213fb40a78a64af58d636c963</id>
<displayName>Process Start Event Type</displayName>
<internal>false</internal>
<systemManaged>false</systemManaged>
<length>100</length>
<nullable>true</nullable>
<unique>false</unique>
<precision>38</precision>
<scale>10</scale>
<dataType>VARCHAR</dataType>
<columnType>ATTRIBUTE</columnType>
<hidden>false</hidden>
<editable>false</editable>
</column>
<column>
<name>PROCESS_END_EVENT_TYPE</name>
<id>12b2bf41c8c940c7b0f75914b9b38609</id>
<displayName>Process End Event Type</displayName>
<internal>false</internal>
<systemManaged>false</systemManaged>
<length>100</length>
<nullable>true</nullable>
<unique>false</unique>
<precision>38</precision>
<scale>10</scale>
<dataType>VARCHAR</dataType>
<columnType>ATTRIBUTE</columnType>
<hidden>false</hidden>
<editable>false</editable>
</column>
<column>
<name>PROCESS_INSTANCE_STATUS</name>
<id>59f80886e06d4bf188f739199ea12451</id>
<displayName>Process Instance Status</displayName>
<internal>false</internal>
<systemManaged>false</systemManaged>
<length>100</length>
<nullable>false</nullable>
<unique>false</unique>
<precision>38</precision>
<scale>10</scale>
<dataType>VARCHAR</dataType>
<columnType>DIMENSION</columnType>
<hidden>false</hidden>
<editable>false</editable>
</column>
<column>
<name>ECID</name>
<id>2dbc89c5cc4847dc8beca7b52608fb72</id>
<displayName>ECID</displayName>
<internal>false</internal>
<systemManaged>false</systemManaged>
<length>200</length>
<nullable>true</nullable>
<unique>false</unique>
<precision>38</precision>
<scale>10</scale>
<dataType>VARCHAR</dataType>
<columnType>ATTRIBUTE</columnType>
<hidden>false</hidden>
<editable>false</editable>
</column>
<column>
<name>CASEID</name>
<id>c9ba8eed4c5f498bb804aab876d05c12</id>
<displayName>Case ID</displayName>
<internal>false</internal>
<systemManaged>false</systemManaged>
<length>100</length>
<nullable>true</nullable>
<unique>false</unique>
<precision>38</precision>
<scale>10</scale>
<dataType>VARCHAR</dataType>
<columnType>ATTRIBUTE</columnType>
<hidden>false</hidden>
<editable>false</editable>
</column>
<column>
<name>ORGUNITID</name>
<id>7af7ec872d284bd3a5291a7d24cdf3d6</id>
<displayName>Organization Unit ID</displayName>
<internal>false</internal>
<systemManaged>false</systemManaged>
<length>100</length>
<nullable>true</nullable>
<unique>false</unique>
<precision>38</precision>
<scale>10</scale>
<dataType>VARCHAR</dataType>
<columnType>ATTRIBUTE</columnType>
<hidden>false</hidden>
<editable>false</editable>
</column>
<column>
<name>TENANT_ID</name>
<id>5b8ae320ec814d3fb8c54973074929d6</id>
<displayName>Tenant ID</displayName>
<internal>false</internal>
<systemManaged>false</systemManaged>
<length>2000</length>
<nullable>true</nullable>
<unique>false</unique>
<precision>38</precision>
<scale>10</scale>
<dataType>INT</dataType>
<columnType>ATTRIBUTE</columnType>
<hidden>false</hidden>
<editable>false</editable>
</column>
<column>
<name>FLOW_ID</name>
<id>d0327ba8b226491f8ed2c528623a49f0</id>
<displayName>SCA Flow ID</displayName>
<internal>false</internal>
<systemManaged>false</systemManaged>
<length>2000</length>
<nullable>true</nullable>
<unique>false</unique>
<precision>38</precision>
<scale>10</scale>
<dataType>INT</dataType>
<columnType>ATTRIBUTE</columnType>
<hidden>false</hidden>
<editable>false</editable>
</column>
<column>
<name>PROC_SYS_STRG01</name>
<id>92f7c91a14224b73b5a6c31ce0af0932</id>
<displayName>Process System String 01</displayName>
<internal>false</internal>
<systemManaged>false</systemManaged>
<length>256</length>
<nullable>true</nullable>
<unique>false</unique>
<precision>38</precision>
<scale>10</scale>
<dataType>VARCHAR</dataType>
<columnType>ATTRIBUTE</columnType>
<hidden>false</hidden>
<editable>false</editable>
</column>
<column>
<name>PROC_SYS_STR02</name>
<id>20d100af47154364a1df32307eea9938</id>
<displayName>Process System String 02</displayName>
<internal>false</internal>
<systemManaged>false</systemManaged>
<length>256</length>
<nullable>true</nullable>
<unique>false</unique>
<precision>38</precision>
<scale>10</scale>
<dataType>VARCHAR</dataType>
<columnType>ATTRIBUTE</columnType>
<hidden>false</hidden>
<editable>false</editable>
</column>
<column>
<name>PROC_SYS_STR03</name>
<id>c9e0f3fefc40482894852356930f464e</id>
<displayName>Process System String 03</displayName>
<internal>false</internal>
<systemManaged>false</systemManaged>
<length>256</length>
<nullable>true</nullable>
<unique>false</unique>
<precision>38</precision>
<scale>10</scale>
<dataType>VARCHAR</dataType>
<columnType>ATTRIBUTE</columnType>
<hidden>false</hidden>
<editable>false</editable>
</column>
<column>
<name>PROC_SYS_STR04</name>
<id>3045090e9d1b46938e1c5668ed08f029</id>
<displayName>Process System String 04</displayName>
<internal>false</internal>
<systemManaged>false</systemManaged>
<length>256</length>
<nullable>true</nullable>
<unique>false</unique>
<precision>38</precision>
<scale>10</scale>
<dataType>VARCHAR</dataType>
<columnType>ATTRIBUTE</columnType>
<hidden>false</hidden>
<editable>false</editable>
</column>
<column>
<name>PROC_SYS_STRG05</name>
<id>bff958c27f224f558d0e4af399603c31</id>
<displayName>Process System String 05</displayName>
<internal>false</internal>
<systemManaged>false</systemManaged>
<length>256</length>
<nullable>true</nullable>
<unique>false</unique>
<precision>38</precision>
<scale>10</scale>
<dataType>VARCHAR</dataType>
<columnType>ATTRIBUTE</columnType>
<hidden>false</hidden>
<editable>false</editable>
</column>
<column>
<name>PROC_SYS_NUM01</name>
<id>615a17d5af4347ee9c1020a5571d2d61</id>
<displayName>Process System Number 01</displayName>
<internal>false</internal>
<systemManaged>false</systemManaged>
<length>2000</length>
<nullable>true</nullable>
<unique>false</unique>
<precision>38</precision>
<scale>10</scale>
<dataType>INT</dataType>
<columnType>ATTRIBUTE</columnType>
<hidden>false</hidden>
<editable>false</editable>
</column>
<column>
<name>PROC_SYS_NUM02</name>
<id>281c14f892734bf1bad3c4f4ab2224a9</id>
<displayName>Process System Number 02</displayName>
<internal>false</internal>
<systemManaged>false</systemManaged>
<length>2000</length>
<nullable>true</nullable>
<unique>false</unique>
<precision>38</precision>
<scale>10</scale>
<dataType>INT</dataType>
<columnType>ATTRIBUTE</columnType>
<hidden>false</hidden>
<editable>false</editable>
</column>
<column>
<name>PROC_SYS_NUM03</name>
<id>605a7636064749999c90c5503fab91c6</id>
<displayName>Process System Number 03</displayName>
<internal>false</internal>
<systemManaged>false</systemManaged>
<length>2000</length>
<nullable>true</nullable>
<unique>false</unique>
<precision>38</precision>
<scale>10</scale>
<dataType>INT</dataType>
<columnType>ATTRIBUTE</columnType>
<hidden>false</hidden>
<editable>false</editable>
</column>
<column>
<name>PROC_SYS_NUM04</name>
<id>b2430b33a5a24e8cbc4adffa97c44a01</id>
<displayName>Process System Number 04</displayName>
<internal>false</internal>
<systemManaged>false</systemManaged>
<length>2000</length>
<nullable>true</nullable>
<unique>false</unique>
<precision>38</precision>
<scale>10</scale>
<dataType>INT</dataType>
<columnType>ATTRIBUTE</columnType>
<hidden>false</hidden>
<editable>false</editable>
</column>
<column>
<name>PROC_SYS_NUM05</name>
<id>532483116c334f1db2f5856b07b51ffd</id>
<displayName>Process System Number 05</displayName>
<internal>false</internal>
<systemManaged>false</systemManaged>
<length>2000</length>
<nullable>true</nullable>
<unique>false</unique>
<precision>38</precision>
<scale>10</scale>
<dataType>INT</dataType>
<columnType>ATTRIBUTE</columnType>
<hidden>false</hidden>
<editable>false</editable>
</column>
<column>
<name>PROC_SYS_TS01</name>
<id>9a7a195656714310b6f71f2c253f00e7</id>
<displayName>Process System Timestamp 01</displayName>
<internal>false</internal>
<systemManaged>false</systemManaged>
<length>2000</length>
<nullable>true</nullable>
<unique>false</unique>
<precision>38</precision>
<scale>10</scale>
<dataType>DATETIME</dataType>
<columnType>ATTRIBUTE</columnType>
<hidden>false</hidden>
<editable>false</editable>
</column>
<column>
<name>PROC_SYS_TS02</name>
<id>3260434bb2194ba881beeb4611f988e1</id>
<displayName>Process System Timestamp 02</displayName>
<internal>false</internal>
<systemManaged>false</systemManaged>
<length>2000</length>
<nullable>true</nullable>
<unique>false</unique>
<precision>38</precision>
<scale>10</scale>
<dataType>DATETIME</dataType>
<columnType>ATTRIBUTE</columnType>
<hidden>false</hidden>
<editable>false</editable>
</column>
<column>
<name>PROC_SYS_TS03</name>
<id>fac9dd69f3f84663b65edc984c3981ad</id>
<displayName>Process System Timestamp 03</displayName>
<internal>false</internal>
<systemManaged>false</systemManaged>
<length>2000</length>
<nullable>true</nullable>
<unique>false</unique>
<precision>38</precision>
<scale>10</scale>
<dataType>DATETIME</dataType>
<columnType>ATTRIBUTE</columnType>
<hidden>false</hidden>
<editable>false</editable>
</column>
<column>
<name>PROCESS_INSTANCE_TITLE</name>
<id>ff2bb28abaa84d5a8eb76331fa5686fc</id>
<displayName>Process Instance Title</displayName>
<internal>false</internal>
<systemManaged>false</systemManaged>
<length>256</length>
<nullable>true</nullable>
<unique>false</unique>
<precision>38</precision>
<scale>10</scale>
<dataType>VARCHAR</dataType>
<columnType>ATTRIBUTE</columnType>
<hidden>false</hidden>
<editable>false</editable>
</column>
<column>
<name>CASE_DEFINITION_ID</name>
<id>3c8b3b9a552541a590f121e7b947b62a</id>
<displayName>Case Definition ID</displayName>
<internal>false</internal>
<systemManaged>false</systemManaged>
<length>2000</length>
<nullable>true</nullable>
<unique>false</unique>
<precision>38</precision>
<scale>10</scale>
<dataType>INT</dataType>
<columnType>ATTRIBUTE</columnType>
<hidden>false</hidden>
<editable>false</editable>
</column>
<column>
<name>PROCESS_DUE_TIME</name>
<id>5b628dab257144b49164022161e68874</id>
<displayName>Process Due Time</displayName>
<internal>false</internal>
<systemManaged>false</systemManaged>
<length>2000</length>
<nullable>true</nullable>
<unique>false</unique>
<precision>38</precision>
<scale>10</scale>
<dataType>DATETIME</dataType>
<columnType>ATTRIBUTE</columnType>
<hidden>false</hidden>
<editable>false</editable>
</column>
<column>
<name>PROCESS_EXPIRATION_TIME</name>
<id>5c98a4c5c9f54802bf1c4a97ffe0151c</id>
<displayName>Process Expiration Time</displayName>
<internal>false</internal>
<systemManaged>false</systemManaged>
<length>2000</length>
<nullable>true</nullable>
<unique>false</unique>
<precision>38</precision>
<scale>10</scale>
<dataType>DATETIME</dataType>
<columnType>ATTRIBUTE</columnType>
<hidden>false</hidden>
<editable>false</editable>
</column>
<column>
<name>PROCESS_ESTIMATED_TIME</name>
<id>356a7358a4e24bc9a1f86441d44c5259</id>
<displayName>Process Estimated Time</displayName>
<internal>false</internal>
<systemManaged>false</systemManaged>
<length>2000</length>
<nullable>true</nullable>
<unique>false</unique>
<precision>38</precision>
<scale>10</scale>
<dataType>DATETIME</dataType>
<columnType>ATTRIBUTE</columnType>
<hidden>false</hidden>
<editable>false</editable>
</column>
</columns>
<indexes>
<index>
<name>BPM_ORA_PA_PROCESS_IDX_1</name>
<id>cd6411b4bb2d47739cc8dca416875ae1</id>
<internal>false</internal>
<systemManaged>false</systemManaged>
<unique>false</unique>
<columns>
<columnRef>
<dataObject>ORACLE_PROCESSANALYTICS_PROCESS</dataObject>
<column>COMPOSITE_DEFINITION_ID</column>
</columnRef>
</columns>
</index>
<index>
<name>BPM_ORA_PA_PROCESS_IDX_2</name>
<id>bc9a75d40f7945cabe052c9e8e16e5cc</id>
<internal>false</internal>
<systemManaged>false</systemManaged>
<unique>false</unique>
<columns>
<columnRef>
<dataObject>ORACLE_PROCESSANALYTICS_PROCESS</dataObject>
<column>PROCESS_DEFINITION_ID</column>
</columnRef>
</columns>
</index>
<index>
<name>BPM_ORA_PA_PROCESS_IDX_4</name>
<id>6d1be845717f45398679ae273ec15810</id>
<internal>false</internal>
<systemManaged>false</systemManaged>
<unique>false</unique>
<columns>
<columnRef>
<dataObject>ORACLE_PROCESSANALYTICS_PROCESS</dataObject>
<column>COMPOSITE_INSTANCE_ID</column>
</columnRef>
</columns>
</index>
<index>
<name>BPM_ORA_PA_PROCESS_IDX_5</name>
<id>14edb2d724114e54bf9e42f9eab79aa6</id>
<internal>false</internal>
<systemManaged>false</systemManaged>
<unique>false</unique>
<columns>
<columnRef>
<dataObject>ORACLE_PROCESSANALYTICS_PROCESS</dataObject>
<column>PROCESS_START_TIME</column>
</columnRef>
</columns>
</index>
<index>
<name>BPM_ORA_PA_PROCESS_IDX_6</name>
<id>389951c7d5e5447bb7314458bdc035a0</id>
<internal>false</internal>
<systemManaged>false</systemManaged>
<unique>false</unique>
<columns>
<columnRef>
<dataObject>ORACLE_PROCESSANALYTICS_PROCESS</dataObject>
<column>PROCESS_END_TIME</column>
</columnRef>
</columns>
</index>
<index>
<name>BPM_ORA_PA_PROCESS_IDX_7</name>
<id>7ac88eb54b8046ba9dfc57d0414c8c67</id>
<internal>false</internal>
<systemManaged>false</systemManaged>
<unique>false</unique>
<columns>
<columnRef>
<dataObject>ORACLE_PROCESSANALYTICS_PROCESS</dataObject>
<column>PROCESS_INSTANCE_STATUS</column>
</columnRef>
</columns>
</index>
<index>
<name>BPM_ORA_PA_PROCESS_IDX_8</name>
<id>e91caebcaedb4499a6ff786eac7fa40c</id>
<internal>false</internal>
<systemManaged>false</systemManaged>
<unique>false</unique>
<columns>
<columnRef>
<dataObject>ORACLE_PROCESSANALYTICS_PROCESS</dataObject>
<column>ECID</column>
</columnRef>
</columns>
</index>
<index>
<name>BPM_ORA_PA_PROCESS_IDX_9</name>
<id>aa170d75c7db4212ae6eef9249299e88</id>
<internal>false</internal>
<systemManaged>false</systemManaged>
<unique>false</unique>
<columns>
<columnRef>
<dataObject>ORACLE_PROCESSANALYTICS_PROCESS</dataObject>
<column>ORGUNITID</column>
</columnRef>
</columns>
</index>
<index>
<name>BPM_ORA_PA_PROCESS_IDX_10</name>
<id>ee7a07b3a06c4e65a3a8c7c628c80083</id>
<internal>false</internal>
<systemManaged>false</systemManaged>
<unique>false</unique>
<columns>
<columnRef>
<dataObject>ORACLE_PROCESSANALYTICS_PROCESS</dataObject>
<column>CASE_DEFINITION_ID</column>
</columnRef>
</columns>
</index>
</indexes>
<hierarchies/>
<flexLimitation>
<totalDecimals>75</totalDecimals>
<totalStrings>80</totalStrings>
<totalIntegers>25</totalIntegers>
<totalFloats>25</totalFloats>
<totalDates>35</totalDates>
<totalLongStrings>21</totalLongStrings>
</flexLimitation>
</ns0:simpleDataObject>