<?xml version = '1.0' encoding = 'UTF-8'?>
<mds:customization version="12.1.3_20140521.1008" xmlns:mds="http://xmlns.oracle.com/mds" motype_local_name="root" motype_nsuri="http://java.sun.com/JSP/Page">
<mds:replace node="mainRow1"/>
<mds:insert parent="mainPanelGrid" position="last">
<gridRow id="mainRow57" height="50%" marginBottom="0px" marginTop="0px" xmlns="http://xmlns.oracle.com/adf/faces/rich">
<gridCell id="mainCell57" width="50%" halign="stretch" valign="stretch" marginEnd="0px" marginStart="0px">
<panelGridLayout id="innerPanelGridLayout57">
<gridRow id="innerrow57" height="50%" marginBottom="0px" marginTop="0px">
<gridCell id="cell61" width="33%" halign="stretch" valign="stretch" marginEnd="0px" marginStart="0px">
<panelGridLayout id="maingrid77">
<gridRow id="mainRow81" height="50%" marginBottom="0px" marginTop="0px">
<gridCell id="mainCell81" width="100%" halign="stretch" valign="stretch" marginEnd="0px" marginStart="0px">
<panelGridLayout id="innergrid81">
<gridRow id="row81" height="100%" marginBottom="0px" marginTop="0px">
<gridCell id="cell83" width="33%" halign="stretch" valign="stretch" marginEnd="0px" marginStart="0px">
<panelStretchLayout id="ph83" topHeight="#{(pageFlowScope.dashboardEditMode)?'20px':'5px'}" inlineStyle="#{pageFlowScope.editorbean.inlineStyle}">
<facet name="center" xmlns="http://java.sun.com/jsf/core">
<region id="region61" value="#{bindings.dynamicRegion61.regionModel}" xmlns="http://xmlns.oracle.com/adf/faces/rich">
<dropTarget dropListener="#{pageFlowScope.editorbean.onNavigatorDrop}" actions="MOVE COPY LINK">
<dataFlavor flavorClass="java.lang.Object" discriminant="navigatorModel"/>
</dropTarget>
</region>
</facet>
<facet name="bottom" xmlns="http://java.sun.com/jsf/core"/>
<facet name="start" xmlns="http://java.sun.com/jsf/core"/>
<facet name="end" xmlns="http://java.sun.com/jsf/core"/>
<facet name="top" xmlns="http://java.sun.com/jsf/core">
<panelGroupLayout layout="horizontal" styleClass="AFStretchWidth" halign="end" id="inpgl83" rendered="#{(pageFlowScope.dashboardEditMode)}" xmlns="http://xmlns.oracle.com/adf/faces/rich">
<commandImageLink text="" id="queryBtn83" shortDesc="Open Query Editor" icon="/images/dashicons/edit_query_ena.png" disabledIcon="/images/dashicons/edit_query_dis.png" depressedIcon="/images/dashicons/edit_query_dwn.png" hoverIcon="/images/dashicons/edit_query_ovr.png" actionListener="#{pageFlowScope.editorbean.showQueryEditorPopUp}" partialSubmit="true" rendered="true">
<showPopupBehavior popupId="queryEditorPopUp" triggerType="click" align="beforeStart" alignId="dummyId"/>
</commandImageLink>
<spacer id="queryBtnS83" width="10" height="1"/>
<commandImageLink text="" id="viewActions83" shortDesc="Business View Actions" icon="/images/dashicons/bv_props_ena.png" disabledIcon="/images/dashicons/bv_props_dis.png" depressedIcon="/images/dashicons/bv_props_dwn.png" hoverIcon="/images/dashicons/bv_props_ovr.png" actionListener="#{pageFlowScope.editorbean.showBusinessViewActions}" partialSubmit="true" rendered="true">
<showPopupBehavior popupId="viewActionsMenu" triggerType="click" align="afterStart" alignId="viewActions83"/>
</commandImageLink>
<spacer id="viewBtnS83" width="10" height="1"/>
<commandImageLink text="" id="dashActions83" shortDesc="Dashboard Actions" icon="/images/dashicons/actions_ena.png" disabledIcon="/images/dashicons/actions_dis.png" depressedIcon="/images/dashicons/actions_dwn.png" hoverIcon="/images/dashicons/actions_ovr.png" actionListener="#{pageFlowScope.editorbean.setCurrentCell}" partialSubmit="true" rendered="true">
<showPopupBehavior popupId="dashActionsMenu" triggerType="click" align="afterStart" alignId="dashActions83"/>
</commandImageLink>
<spacer id="dashBtnS83" width="10" height="1"/>
</panelGroupLayout>
</facet>
</panelStretchLayout>
</gridCell>
</gridRow>
</panelGridLayout>
</gridCell>
</gridRow>
<gridRow id="mainRow86" height="50%" marginBottom="0px" marginTop="0px">
<gridCell id="mainCell86" width="100%" halign="stretch" valign="stretch" marginEnd="0px" marginStart="0px">
<panelGridLayout id="innergrid86">
<gridRow id="row86" height="100%" marginBottom="0px" marginTop="0px">
<gridCell id="cell88" width="33%" halign="stretch" valign="stretch" marginEnd="0px" marginStart="0px">
<panelStretchLayout id="ph88" topHeight="#{(pageFlowScope.dashboardEditMode)?'20px':'5px'}" inlineStyle="#{pageFlowScope.editorbean.inlineStyle}">
<facet name="center" xmlns="http://java.sun.com/jsf/core">
<region id="region88" value="#{bindings.dynamicRegion88.regionModel}" xmlns="http://xmlns.oracle.com/adf/faces/rich">
<dropTarget dropListener="#{pageFlowScope.editorbean.onNavigatorDrop}" actions="MOVE COPY LINK">
<dataFlavor flavorClass="java.lang.Object" discriminant="navigatorModel"/>
</dropTarget>
</region>
</facet>
<facet name="bottom" xmlns="http://java.sun.com/jsf/core"/>
<facet name="start" xmlns="http://java.sun.com/jsf/core"/>
<facet name="end" xmlns="http://java.sun.com/jsf/core"/>
<facet name="top" xmlns="http://java.sun.com/jsf/core">
<panelGroupLayout layout="horizontal" styleClass="AFStretchWidth" halign="end" id="inpgl88" rendered="#{(pageFlowScope.dashboardEditMode)}" xmlns="http://xmlns.oracle.com/adf/faces/rich">
<commandImageLink text="" id="queryBtn88" shortDesc="Open Query Editor" icon="/images/dashicons/edit_query_ena.png" disabledIcon="/images/dashicons/edit_query_dis.png" depressedIcon="/images/dashicons/edit_query_dwn.png" hoverIcon="/images/dashicons/edit_query_ovr.png" actionListener="#{pageFlowScope.editorbean.showQueryEditorPopUp}" partialSubmit="true" rendered="false">
<showPopupBehavior popupId="queryEditorPopUp" triggerType="click" align="beforeStart" alignId="dummyId"/>
</commandImageLink>
<spacer id="queryBtnS88" width="10" height="1"/>
<commandImageLink text="" id="viewActions88" shortDesc="Business View Actions" icon="/images/dashicons/bv_props_ena.png" disabledIcon="/images/dashicons/bv_props_dis.png" depressedIcon="/images/dashicons/bv_props_dwn.png" hoverIcon="/images/dashicons/bv_props_ovr.png" actionListener="#{pageFlowScope.editorbean.showBusinessViewActions}" partialSubmit="true" rendered="false">
<showPopupBehavior popupId="viewActionsMenu" triggerType="click" align="afterStart" alignId="viewActions88"/>
</commandImageLink>
<spacer id="viewBtnS88" width="10" height="1"/>
<commandImageLink text="" id="dashActions88" shortDesc="Dashboard Actions" icon="/images/dashicons/actions_ena.png" disabledIcon="/images/dashicons/actions_dis.png" depressedIcon="/images/dashicons/actions_dwn.png" hoverIcon="/images/dashicons/actions_ovr.png" actionListener="#{pageFlowScope.editorbean.setCurrentCell}" partialSubmit="true" rendered="true">
<showPopupBehavior popupId="dashActionsMenu" triggerType="click" align="afterStart" alignId="dashActions88"/>
</commandImageLink>
<spacer id="dashBtnS88" width="10" height="1"/>
</panelGroupLayout>
</facet>
</panelStretchLayout>
</gridCell>
</gridRow>
</panelGridLayout>
</gridCell>
</gridRow>
</panelGridLayout>
</gridCell>
</gridRow>
</panelGridLayout>
</gridCell>
</gridRow>
</mds:insert>
</mds:customization>