<?xml version = '1.0' encoding = 'UTF-8'?>
<pageDefinition xmlns="http://xmlns.oracle.com/adfm/uimodel" version="11.1.1.55.33" id="beamDashboardAirportAccreditationsDashboardPageDef" Package="beam.project.AirportAccreditationsDashboard.dashboard.AirportAccreditationsDashboard.taskflow.AirportAccreditationsDashboard">
<parameters/>
<executables>
<variableIterator id="variables"/>
<taskFlow id="querybuilderdefinition" taskFlowId="#{pageFlowScope.editorbean.queryEditorTaskFlowId}" activation="deferred" Refresh="ifNeeded" xmlns="http://xmlns.oracle.com/adf/controller/binding">
<parameters>
<parameter id="queryEditor" value="#{pageFlowScope.editorbean.businessQueryEditor}"/>
<parameter id="queryInViewMode" value="#{pageFlowScope.editorbean.queryInViewMode}"/>
</parameters>
</taskFlow>
<taskFlow id="createviewdefinitions" taskFlowId="/WEB-INF/oracle/beam/composer/dashboard/view-creation-tf.xml#view-creation-tf" xmlns="http://xmlns.oracle.com/adf/controller/binding" Refresh="ifNeeded" activation="deferred">
<parameters>
<parameter id="node" value="#{pageFlowScope.editorbean.vizContainerNode}"/>
<parameter id="dashboardId" value="#{pageFlowScope.editorbean.dashId}"/>
<parameter id="regionId" value="#{pageFlowScope.editorbean.currentDynamicRegionId}"/>
<parameter id="defaultViewType" value="#{pageFlowScope.editorbean.currentViewType}"/>
<parameter id="showViewTypes" value="false"/>
</parameters>
</taskFlow>
<taskFlow id="entitytaskflow" taskFlowId="/WEB-INF/oracle/beam/composer/entity-task-flow.xml#entity-task-flow" activation="deferred" xmlns="http://xmlns.oracle.com/adf/controller/binding" RefreshCondition="#{pageFlowScope.tabbedToolbarBean.actionToolbarHandler.actionButtonHandler.insertActionHandler.needRefresh}">
<parameters>
<parameter id="entityEditor" value="#{pageFlowScope.tabbedToolbarBean.actionToolbarHandler.actionButtonHandler.insertActionHandler.entityEditor}"/>
</parameters>
</taskFlow>
<taskFlow id="dynamicRegion1" taskFlowId="#{pageFlowScope.editorbean.emptyTaskFlowId}" activation="deferred" xmlns="http://xmlns.oracle.com/adf/controller/binding">
<parameters>
<parameter id="dashboardId" value="#{pageFlowScope.editorbean.dashId}"/>
<parameter id="externalUrl" value=""/>
<parameter id="associatedDashboardIdWithImage" value=""/>
<parameter id="externalImage" value=""/>
<parameter id="regionId" value="dynamicRegion1"/>
<parameter id="dashboardRefresh" value="true"/>
<parameter id="vizcontainernode" value="#{pageFlowScope.editorbean.vizContainerNode}"/>
</parameters>
</taskFlow>
<taskFlow id="dynamicRegion2" taskFlowId="#{pageFlowScope.editorbean.emptyTaskFlowId}" activation="deferred" xmlns="http://xmlns.oracle.com/adf/controller/binding">
<parameters>
<parameter id="dashboardId" value="#{pageFlowScope.editorbean.dashId}"/>
<parameter id="externalUrl" value=""/>
<parameter id="associatedDashboardIdWithImage" value=""/>
<parameter id="externalImage" value=""/>
<parameter id="regionId" value="dynamicRegion1"/>
<parameter id="dashboardRefresh" value="true"/>
<parameter id="vizcontainernode" value="#{pageFlowScope.editorbean.vizContainerNode}"/>
</parameters>
</taskFlow>
<taskFlow id="dynamicRegion3" taskFlowId="#{pageFlowScope.editorbean.emptyTaskFlowId}" activation="deferred" xmlns="http://xmlns.oracle.com/adf/controller/binding">
<parameters>
<parameter id="dashboardId" value="#{pageFlowScope.editorbean.dashId}"/>
<parameter id="externalUrl" value=""/>
<parameter id="regionId" value="dynamicRegion1"/>
<parameter id="dashboardRefresh" value="true"/>
<parameter id="vizcontainernode" value="#{pageFlowScope.editorbean.vizContainerNode}"/>
</parameters>
</taskFlow>
<taskFlow id="dynamicRegion4" taskFlowId="#{pageFlowScope.editorbean.emptyTaskFlowId}" activation="deferred" xmlns="http://xmlns.oracle.com/adf/controller/binding">
<parameters>
<parameter id="dashboardId" value="#{pageFlowScope.editorbean.dashId}"/>
<parameter id="externalUrl" value=""/>
<parameter id="regionId" value="dynamicRegion1"/>
<parameter id="dashboardRefresh" value="true"/>
<parameter id="vizcontainernode" value="#{pageFlowScope.editorbean.vizContainerNode}"/>
</parameters>
</taskFlow>
<taskFlow id="dynamicRegion5" taskFlowId="#{pageFlowScope.editorbean.emptyTaskFlowId}" activation="deferred" xmlns="http://xmlns.oracle.com/adf/controller/binding">
<parameters>
<parameter id="dashboardId" value="#{pageFlowScope.editorbean.dashId}"/>
<parameter id="externalUrl" value=""/>
<parameter id="regionId" value="dynamicRegion1"/>
<parameter id="dashboardRefresh" value="true"/>
<parameter id="vizcontainernode" value="#{pageFlowScope.editorbean.vizContainerNode}"/>
</parameters>
</taskFlow>
<taskFlow id="dynamicRegion6" taskFlowId="#{pageFlowScope.editorbean.emptyTaskFlowId}" activation="deferred" xmlns="http://xmlns.oracle.com/adf/controller/binding">
<parameters>
<parameter id="dashboardId" value="#{pageFlowScope.editorbean.dashId}"/>
<parameter id="externalUrl" value=""/>
<parameter id="regionId" value="dynamicRegion1"/>
<parameter id="dashboardRefresh" value="true"/>
<parameter id="vizcontainernode" value="#{pageFlowScope.editorbean.vizContainerNode}"/>
</parameters>
</taskFlow>
<taskFlow id="dynamicRegion7" taskFlowId="#{pageFlowScope.editorbean.emptyTaskFlowId}" activation="deferred" xmlns="http://xmlns.oracle.com/adf/controller/binding">
<parameters>
<parameter id="dashboardId" value="#{pageFlowScope.editorbean.dashId}"/>
<parameter id="externalUrl" value=""/>
<parameter id="regionId" value="dynamicRegion1"/>
<parameter id="dashboardRefresh" value="true"/>
<parameter id="vizcontainernode" value="#{pageFlowScope.editorbean.vizContainerNode}"/>
</parameters>
</taskFlow>
<taskFlow id="dynamicRegion8" taskFlowId="#{pageFlowScope.editorbean.emptyTaskFlowId}" activation="deferred" xmlns="http://xmlns.oracle.com/adf/controller/binding">
<parameters>
<parameter id="dashboardId" value="#{pageFlowScope.editorbean.dashId}"/>
<parameter id="externalUrl" value=""/>
<parameter id="regionId" value="dynamicRegion1"/>
<parameter id="dashboardRefresh" value="true"/>
<parameter id="vizcontainernode" value="#{pageFlowScope.editorbean.vizContainerNode}"/>
</parameters>
</taskFlow>
<taskFlow id="dynamicRegion9" taskFlowId="#{pageFlowScope.editorbean.emptyTaskFlowId}" activation="deferred" xmlns="http://xmlns.oracle.com/adf/controller/binding">
<parameters>
<parameter id="dashboardId" value="#{pageFlowScope.editorbean.dashId}"/>
<parameter id="externalUrl" value=""/>
<parameter id="regionId" value="dynamicRegion1"/>
<parameter id="dashboardRefresh" value="true"/>
<parameter id="vizcontainernode" value="#{pageFlowScope.editorbean.vizContainerNode}"/>
</parameters>
</taskFlow>
</executables>
<bindings>
<eventBinding id="resourceCatalogChangeEventBinding" Listener="javax.faces.event.ActionListener">
<events xmlns="http://xmlns.oracle.com/adfm/contextualEvent">
<event name="resourceCatalogChangeEvent" eventType="Action Event"/>
</events>
</eventBinding>
<eventBinding id="eventBinding" Listener="javax.faces.event.ValueChangeListener">
<events xmlns="http://xmlns.oracle.com/adfm/contextualEvent">
<event name="propValueChangeEvent" eventType="Value Change Event"/>
</events>
</eventBinding>
<eventBinding id="eventBinding1" Listener="javax.faces.event.ActionListener">
<events xmlns="http://xmlns.oracle.com/adfm/contextualEvent">
<event name="propActionEvent" eventType="Action Event"/>
</events>
</eventBinding>
<eventBinding id="drivingEventBinding" Listener="javax.faces.event.ValueChangeListener">
<events xmlns="http://xmlns.oracle.com/adfm/contextualEvent">
<event name="drivingEvent" eventType="Action Event"/>
</events>
</eventBinding>
<eventBinding id="drivingActionEventBinding" Listener="javax.faces.event.ActionListener">
<events xmlns="http://xmlns.oracle.com/adfm/contextualEvent">
<event name="drivingEvent" eventType="Action Event"/>
</events>
</eventBinding>
<eventBinding id="drivingSelectionEventBinding" Listener="org.apache.myfaces.trinidad.event.SelectionListener">
<events xmlns="http://xmlns.oracle.com/adfm/contextualEvent">
<event name="drivingEvent"/>
</events>
</eventBinding>
<methodAction id="handleDrivingEvent" InstanceName="DashboardEventHandler.dataProvider" DataControl="DashboardEventHandler" RequiresUpdateModel="true" Action="invokeMethod" MethodName="handleDrivingEvent" IsViewObjectMethod="false">
<NamedData NDName="payload" NDType="java.lang.Object"/>
</methodAction>
<methodAction id="handleResourceCatalogChange" InstanceName="DashboardEventHandler.dataProvider" DataControl="DashboardEventHandler" RequiresUpdateModel="true" Action="invokeMethod" MethodName="handleResourceCatalogChange" IsViewObjectMethod="false">
<NamedData NDName="payload" NDType="java.lang.Object"/>
</methodAction>
<methodAction id="handleProcessChange" RequiresUpdateModel="true" Action="invokeMethod" MethodName="handleProcessChange" IsViewObjectMethod="false" DataControl="DashboardEventHandler" InstanceName="DashboardEventHandler.dataProvider">
<NamedData NDName="payLoad" NDType="javax.faces.event.ValueChangeEvent"/>
</methodAction>
<methodAction id="handleIntervalChange" RequiresUpdateModel="true" Action="invokeMethod" MethodName="handleIntervalChange" IsViewObjectMethod="false" DataControl="DashboardEventHandler" InstanceName="DashboardEventHandler.dataProvider">
<NamedData NDName="payLoad" NDType="javax.faces.event.ValueChangeEvent"/>
</methodAction>
<methodAction id="handleRefreshView" RequiresUpdateModel="true" Action="invokeMethod" MethodName="handleRefreshView" IsViewObjectMethod="false" DataControl="DashboardEventHandler" InstanceName="DashboardEventHandler.dataProvider">
<NamedData NDName="payLoad" NDType="java.lang.Object"/>
</methodAction>
<methodAction id="handleRefreshForAllViews" RequiresUpdateModel="true" Action="invokeMethod" MethodName="handleRefreshForAllViews" IsViewObjectMethod="false" DataControl="DashboardEventHandler" InstanceName="DashboardEventHandler.dataProvider">
<NamedData NDName="payLoad" NDType="java.lang.Object"/>
</methodAction>
</bindings>
<eventMap xmlns="http://xmlns.oracle.com/adfm/contextualEvent">
<event name="drivingEvent">
<producer region="*">
<consumer region="" handler="handleDrivingEvent" refresh="false">
<parameters>
<parameter name="payload" value="#{payLoad}"/>
</parameters>
</consumer>
</producer>
</event>
<event name="timIntervalChange">
<producer region="*">
<consumer region="" handler="handleIntervalChange" refresh="false">
<parameters>
<parameter name="payload" value="#{payLoad}"/>
</parameters>
</consumer>
</producer>
</event>
<event name="processValueChange">
<producer region="*">
<consumer region="" handler="handleProcessChange" refresh="false">
<parameters>
<parameter name="payload" value="#{payLoad}"/>
</parameters>
</consumer>
</producer>
</event>
<event name="resourceCatalogChangeEvent">
<producer region="*">
<consumer region="" handler="handleResourceCatalogChange" refresh="false">
<parameters>
<parameter name="payload" value="#{payLoad}"/>
</parameters>
</consumer>
</producer>
</event>
<event name="refreshViewEvent">
<producer region="*">
<consumer region="" handler="handleRefreshView" refresh="false">
<parameters>
<parameter name="payload" value="#{payLoad}"/>
</parameters>
</consumer>
</producer>
</event>
<event name="refreshAllViewsEvent">
<producer region="*">
<consumer region="" handler="handleRefreshForAllViews" refresh="false">
<parameters>
<parameter name="payload" value="#{payLoad}"/>
</parameters>
</consumer>
</producer>
</event>
</eventMap>
</pageDefinition>