<?xml version = '1.0' encoding = 'UTF-8'?>
<ns0:businessQuery xmlns:ns0="http://xmlns.oracle.com/bam/bam12">
<name>InTeRnAlNaMeQuery__1416847992731_DeTaIlEd</name>
<id>/project/AirportAccreditationsDashboard/businessquery/InTeRnAlNaMeQuery__1416847992731_DeTaIlEd</id>
<internal>true</internal>
<systemManaged>false</systemManaged>
<createdDate>2014-11-24T17:53:12.848+01:00</createdDate>
<modifiedDate>2014-11-24T18:09:51.235+01:00</modifiedDate>
<createdBy>weblogic</createdBy>
<modifiedBy>weblogic</modifiedBy>
<type>FLAT</type>
<projectName>AirportAccreditationsDashboard</projectName>
<dataObjectName>ORACLE_PROCESSANALYTICS_AIRPORTACCREDITATIONSERVICE_BPM_PROCESS</dataObjectName>
<selectedFields>
<field>COMPOSITE_DEFINITION_ID</field>
<field>PROCESS_DEFINITION_ID</field>
<field>COMPONENT_INSTANCE_ID</field>
<field>COMPOSITE_INSTANCE_ID</field>
<field>PROCESS_FAULT_TYPE</field>
<field>PROCESS_START_TIME</field>
<field>PROCESS_END_TIME</field>
<field>PROCESS_LASTUPDATED_TIME</field>
<field>PROCESS_RUNNING_TIME</field>
<field>PROCESS_SUSPEND_TIME</field>
<field>PROCESS_INSTANCE_STATUS</field>
<field>ECID</field>
<field>CASEID</field>
<field>TENANT_ID</field>
<field>FLOW_ID</field>
<field>PROCESS_INSTANCE_TITLE</field>
<field>CASE_DEFINITION_ID</field>
<field>PROCESS_DUE_TIME</field>
<field>PROCESS_EXPIRATION_TIME</field>
<field>PROCESS_ESTIMATED_TIME</field>
<field>B_REQUIREDLEVEL</field>
<field>R_REQUIREDLEVEL</field>
<field>COMPOSITE_DOMAIN_NAME</field>
<field>COMPOSITE_NAME</field>
<field>COMPOSITE_REVISION</field>
<field>COMPOSITE_SCALABEL</field>
<field>COMPOSITE_DN</field>
<field>COMPOSITE_BACVERSION</field>
<field>COMPOSITE_DEPLOY_STATUS</field>
<field>COMPOSITE_DEPLOYDATE</field>
<field>COMPOSITE_UNDEPLOYDATE</field>
<field>COMPOSITE_LASTUPDATED</field>
<field>ANALYTICS_VIEWER_ROLE</field>
<field>ANALYTICS_VIEW_IDENTIFIER</field>
<field>PROCESS_NAME</field>
<field>PROCESS_LABEL</field>
<field>PROCESS_TYPE</field>
<field>PROCESS_DEPLOYMENT_STATUS</field>
<field>PROCESS_MIGRATION_STATUS</field>
<field>ORGUNITID</field>
<field>PROCESS_DEPLOYDATE</field>
<field>PROCESS_UNDEPLOYDATE</field>
<field>PROCESS_DEFN_LASTUPDATED</field>
<field>PROCESS_OWNER_ROLE</field>
<field>PROCESS_REVIEWER_ROLE</field>
<field>PROCESS_ISPRIMARY</field>
<field>B_REQUESTINGORGANIZATION</field>
<field>B_REQUESTEDSECURITYLEVEL</field>
<field>R_REQUESTEDSECURITYLEVEL</field>
<field>B_REQUIREDSECURITYLEVEL</field>
<field>S_REQUIREDSECURITYLEVEL</field>
<field>DATAOBJECT_CREATED</field>
<field>DATAOBJECT_MODIFIED</field>
</selectedFields>
<dataSeries/>
<labelSeries/>
<groups/>
<timeGroupings>
<entries/>
</timeGroupings>
<calculatedFields/>
<runtimeFilter>
<name>runtimeFilter</name>
<type>ALL</type>
<branches/>
<entries/>
<none>false</none>
</runtimeFilter>
<internalFilter>
<type>ALL</type>
<branches/>
<entries>
<entry>
<column>B_REQUESTEDSECURITYLEVEL</column>
<lhsColumn>
<name>B_REQUESTEDSECURITYLEVEL</name>
<displayName>RequestedSecurityLevel BI</displayName>
</lhsColumn>
<operator>NOTNULL</operator>
<rhsValue/>
<isDateTimeLike>false</isDateTimeLike>
<dateCompareMode>DATETIME</dateCompareMode>
</entry>
<entry>
<column>PROCESS_START_TIME</column>
<lhsColumn/>
<operator>LIKE</operator>
<rhsValue>
<beamObjectRef>
<itemType>Parameter</itemType>
<projectName>AirportAccreditationsDashboard</projectName>
<itemName>InTeRnAlNaMeQuery__1416847992731_DeTaIlEd_PROCESS_START_TIME</itemName>
</beamObjectRef>
</rhsValue>
<isDateTimeLike>true</isDateTimeLike>
<dateCompareMode>DATETIME</dateCompareMode>
</entry>
<entry>
<column>B_REQUESTEDSECURITYLEVEL</column>
<lhsColumn/>
<operator>EQ</operator>
<rhsValue>
<beamObjectRef>
<itemType>Parameter</itemType>
<projectName>AirportAccreditationsDashboard</projectName>
<itemName>InTeRnAlNaMeQuery__1416847992731_DeTaIlEd_B_REQUESTEDSECURITYLEVEL</itemName>
</beamObjectRef>
</rhsValue>
<isDateTimeLike>false</isDateTimeLike>
<dateCompareMode>DATETIME</dateCompareMode>
</entry>
</entries>
<none>false</none>
</internalFilter>
<groupFilter>
<name>groupFilter</name>
<type>ALL</type>
<branches/>
<entries/>
<none>false</none>
</groupFilter>
<topN>0</topN>
<topNEnabled>false</topNEnabled>
<sorts>
<entries/>
</sorts>
</ns0:businessQuery>