<?xml version = '1.0' encoding = 'UTF-8'?>
<ns0:logicalDataObject xmlns:ns0="http://xmlns.oracle.com/bam/bam12">
<name>ORACLE_PROCESSANALYTICS_AIRPORTACCREDITATIONSERVICE_BPM_ACTIVITY</name>
<id>/dataobject/ORACLE_PROCESSANALYTICS_AIRPORTACCREDITATIONSERVICE_BPM_ACTIVITY</id>
<displayName>oracle/processanalytics/AirportAccreditationService Activity</displayName>
<internal>false</internal>
<systemManaged>false</systemManaged>
<createdDate>2014-11-21T22:18:09.99+01:00</createdDate>
<modifiedDate>2014-11-25T22:40:43.19+01:00</modifiedDate>
<createdBy>OracleSystemUser</createdBy>
<modifiedBy>OracleSystemUser</modifiedBy>
<flexTableConfigured>false</flexTableConfigured>
<category>PROCESS</category>
<calculatedFields>
<calculatedField>
<name>ACTIVITY_RUNNING_TIME_IN_SEC</name>
<id>b099ffbc4c6242daa7ed4b24baec7dd0</id>
<displayName>ACTIVITY_RUNNING_TIME_IN_SEC</displayName>
<internal>false</internal>
<systemManaged>false</systemManaged>
<fieldId>0</fieldId>
<expression>ACTIVITY_RUNNING_TIME/1000</expression>
<valid>false</valid>
<aggregated>false</aggregated>
<supportedByCQL>true</supportedByCQL>
<hidden>false</hidden>
<columnType>MEASURE</columnType>
</calculatedField>
<calculatedField>
<name>ACTIVITY_RUNNING_TIME_IN_MIN</name>
<id>6b56df0493ff4aa990d6f03152121214</id>
<internal>false</internal>
<systemManaged>false</systemManaged>
<fieldId>1</fieldId>
<expression>ACTIVITY_RUNNING_TIME/60000</expression>
<valid>false</valid>
<aggregated>false</aggregated>
<supportedByCQL>true</supportedByCQL>
<hidden>false</hidden>
<columnType>MEASURE</columnType>
</calculatedField>
</calculatedFields>
<timeHierarchies>
<timeHierarchy>
<name>ORACLE_PROCESSANALYTICS_AIRPORTACCREDITATIONSERVICE_BPM_ACTIVITY__DeFaUlTDTHiERaRcHy</name>
<id>/dataobject/ORACLE_PROCESSANALYTICS_AIRPORTACCREDITATIONSERVICE_BPM_ACTIVITY</id>
<internal>false</internal>
<systemManaged>false</systemManaged>
<columnName>ACTIVITY_START_TIME</columnName>
<levels>
<level>YEAR</level>
<level>QUARTER</level>
<level>MONTH</level>
<level>WEEK_OF_YEAR</level>
<level>DAY_OF_YEAR</level>
<level>DAY_OF_MONTH</level>
<level>DAY_OF_WEEK</level>
<level>HOUR</level>
<level>MINUTE</level>
<level>SECOND</level>
</levels>
</timeHierarchy>
</timeHierarchies>
<dataObjects>
<dataObject type="dataObjectRef">ORACLE_PROCESSANALYTICS_AIRPORTACCREDITATIONSERVICE_ACTIVITY</dataObject>
<dataObject type="dataObjectRef">ORACLE_PROCESSANALYTICS_COMPOSITE_DEFINITION</dataObject>
<dataObject type="dataObjectRef">ORACLE_PROCESSANALYTICS_PROCESS_DEFINITION</dataObject>
<dataObject type="dataObjectRef">ORACLE_PROCESSANALYTICS_ACTIVITY_DEFINITION</dataObject>
<dataObject type="dataObjectRef">ORACLE_PROCESSANALYTICS_ROLE_DEFINITION</dataObject>
</dataObjects>
<columns>
<column>
<name>BEAM_ID</name>
<id>99a5669d611344cf9956304c7cf3976d</id>
<displayName>BEAM_ID</displayName>
<internal>false</internal>
<systemManaged>false</systemManaged>
<columnRef>
<dataObject>ORACLE_PROCESSANALYTICS_AIRPORTACCREDITATIONSERVICE_ACTIVITY</dataObject>
<column>BEAM_ID</column>
</columnRef>
<hidden>false</hidden>
<columnType>ATTRIBUTE</columnType>
</column>
<column>
<name>ACTIVITY_DEFINITION_ID</name>
<id>231fc61e38794427a0c0eab74714c3f7</id>
<displayName>Activity Definition ID</displayName>
<internal>false</internal>
<systemManaged>false</systemManaged>
<columnRef>
<dataObject>ORACLE_PROCESSANALYTICS_AIRPORTACCREDITATIONSERVICE_ACTIVITY</dataObject>
<column>ACTIVITY_DEFINITION_ID</column>
</columnRef>
<hidden>false</hidden>
<columnType>ATTRIBUTE</columnType>
</column>
<column>
<name>COMPOSITE_DEFINITION_ID</name>
<id>9b253caf4dcc446aae39bf0232e9c9ce</id>
<displayName>Composite Defintion ID</displayName>
<internal>false</internal>
<systemManaged>false</systemManaged>
<columnRef>
<dataObject>ORACLE_PROCESSANALYTICS_AIRPORTACCREDITATIONSERVICE_ACTIVITY</dataObject>
<column>COMPOSITE_DEFINITION_ID</column>
</columnRef>
<hidden>false</hidden>
<columnType>ATTRIBUTE</columnType>
</column>
<column>
<name>PROCESS_DEFINITION_ID</name>
<id>11d9c8183ea24501821c2d8941e3fd0a</id>
<displayName>Process Definition ID</displayName>
<internal>false</internal>
<systemManaged>false</systemManaged>
<columnRef>
<dataObject>ORACLE_PROCESSANALYTICS_AIRPORTACCREDITATIONSERVICE_ACTIVITY</dataObject>
<column>PROCESS_DEFINITION_ID</column>
</columnRef>
<hidden>false</hidden>
<columnType>ATTRIBUTE</columnType>
</column>
<column>
<name>INTERVAL_NAME</name>
<id>ba5d4dea26294d5fbedbb137504fb8cf</id>
<displayName>Interval Name</displayName>
<internal>false</internal>
<systemManaged>false</systemManaged>
<columnRef>
<dataObject>ORACLE_PROCESSANALYTICS_AIRPORTACCREDITATIONSERVICE_ACTIVITY</dataObject>
<column>INTERVAL_NAME</column>
</columnRef>
<hidden>false</hidden>
<columnType>DIMENSION</columnType>
</column>
<column>
<name>COUNTER_NAME</name>
<id>90e1c04b19db48588c84220e5d0dffb8</id>
<displayName>Counter Name</displayName>
<internal>false</internal>
<systemManaged>false</systemManaged>
<columnRef>
<dataObject>ORACLE_PROCESSANALYTICS_AIRPORTACCREDITATIONSERVICE_ACTIVITY</dataObject>
<column>COUNTER_NAME</column>
</columnRef>
<hidden>false</hidden>
<columnType>DIMENSION</columnType>
</column>
<column>
<name>END_ACTIVITY_DEFN_ID</name>
<id>bd812231baa145a7a1cea8e826b89c6c</id>
<displayName>End Activity Definition ID</displayName>
<internal>false</internal>
<systemManaged>false</systemManaged>
<columnRef>
<dataObject>ORACLE_PROCESSANALYTICS_AIRPORTACCREDITATIONSERVICE_ACTIVITY</dataObject>
<column>END_ACTIVITY_DEFN_ID</column>
</columnRef>
<hidden>false</hidden>
<columnType>ATTRIBUTE</columnType>
</column>
<column>
<name>CALLABLE_PROC_DEFN_ID</name>
<id>32f97ff1cea14c1c8b42df02cf59ac4a</id>
<displayName>Callable Process Definition ID</displayName>
<internal>false</internal>
<systemManaged>false</systemManaged>
<columnRef>
<dataObject>ORACLE_PROCESSANALYTICS_AIRPORTACCREDITATIONSERVICE_ACTIVITY</dataObject>
<column>CALLABLE_PROC_DEFN_ID</column>
</columnRef>
<hidden>false</hidden>
<columnType>ATTRIBUTE</columnType>
</column>
<column>
<name>COMPONENT_INSTANCE_ID</name>
<id>a35e474de6a74dd49941525e0ddd55c5</id>
<displayName>Component Instance ID</displayName>
<internal>false</internal>
<systemManaged>false</systemManaged>
<columnRef>
<dataObject>ORACLE_PROCESSANALYTICS_AIRPORTACCREDITATIONSERVICE_ACTIVITY</dataObject>
<column>COMPONENT_INSTANCE_ID</column>
</columnRef>
<hidden>false</hidden>
<columnType>ATTRIBUTE</columnType>
</column>
<column>
<name>COMPOSITE_INSTANCE_ID</name>
<id>4dcb62d554a84a1790de6953ba2d807a</id>
<displayName>Composite Instance ID</displayName>
<internal>false</internal>
<systemManaged>false</systemManaged>
<columnRef>
<dataObject>ORACLE_PROCESSANALYTICS_AIRPORTACCREDITATIONSERVICE_ACTIVITY</dataObject>
<column>COMPOSITE_INSTANCE_ID</column>
</columnRef>
<hidden>false</hidden>
<columnType>ATTRIBUTE</columnType>
</column>
<column>
<name>ACTIVITY_START_TIME</name>
<id>0bc9d095ed69423b83bf492f98dce7ec</id>
<displayName>Activity Start Time</displayName>
<internal>false</internal>
<systemManaged>false</systemManaged>
<columnRef>
<dataObject>ORACLE_PROCESSANALYTICS_AIRPORTACCREDITATIONSERVICE_ACTIVITY</dataObject>
<column>ACTIVITY_START_TIME</column>
</columnRef>
<hidden>false</hidden>
<columnType>DIMENSION</columnType>
</column>
<column>
<name>ACTIVITY_END_TIME</name>
<id>68258327c24f490ebf4d6e76d298be6a</id>
<displayName>Activity End Time</displayName>
<internal>false</internal>
<systemManaged>false</systemManaged>
<columnRef>
<dataObject>ORACLE_PROCESSANALYTICS_AIRPORTACCREDITATIONSERVICE_ACTIVITY</dataObject>
<column>ACTIVITY_END_TIME</column>
</columnRef>
<hidden>false</hidden>
<columnType>DIMENSION</columnType>
</column>
<column>
<name>ACTIVITY_LASTUPDATED_TIME</name>
<id>254c9ce9dbf14f77bde89f1d042fc69d</id>
<displayName>Last Updated Time</displayName>
<internal>false</internal>
<systemManaged>false</systemManaged>
<columnRef>
<dataObject>ORACLE_PROCESSANALYTICS_AIRPORTACCREDITATIONSERVICE_ACTIVITY</dataObject>
<column>ACTIVITY_LASTUPDATED_TIME</column>
</columnRef>
<hidden>false</hidden>
<columnType>ATTRIBUTE</columnType>
</column>
<column>
<name>ACTIVITY_RUNNING_TIME</name>
<id>1497cc26ac6b46afa2b444e9a69a2e7b</id>
<displayName>Activity Running Time (millisecs)</displayName>
<internal>false</internal>
<systemManaged>false</systemManaged>
<columnRef>
<dataObject>ORACLE_PROCESSANALYTICS_AIRPORTACCREDITATIONSERVICE_ACTIVITY</dataObject>
<column>ACTIVITY_RUNNING_TIME</column>
</columnRef>
<hidden>false</hidden>
<columnType>MEASURE</columnType>
</column>
<column>
<name>ACTIVITY_SUSPEND_TIME</name>
<id>93d9590a9d1a41e7afd4e49c2b015e19</id>
<displayName>Activity Suspend Time (millisecs)</displayName>
<internal>false</internal>
<systemManaged>false</systemManaged>
<columnRef>
<dataObject>ORACLE_PROCESSANALYTICS_AIRPORTACCREDITATIONSERVICE_ACTIVITY</dataObject>
<column>ACTIVITY_SUSPEND_TIME</column>
</columnRef>
<hidden>false</hidden>
<columnType>MEASURE</columnType>
</column>
<column>
<name>ACTIVITY_INSTANCE_STATUS</name>
<id>d8a71f456fc2413a8123cf19fb76f689</id>
<displayName>Activity Instance Status</displayName>
<internal>false</internal>
<systemManaged>false</systemManaged>
<columnRef>
<dataObject>ORACLE_PROCESSANALYTICS_AIRPORTACCREDITATIONSERVICE_ACTIVITY</dataObject>
<column>ACTIVITY_INSTANCE_STATUS</column>
</columnRef>
<hidden>false</hidden>
<columnType>DIMENSION</columnType>
</column>
<column>
<name>ROLE_DEFINITION_ID</name>
<id>18efa86928834267989dd76a66ac258c</id>
<displayName>Role Defintion ID</displayName>
<internal>false</internal>
<systemManaged>false</systemManaged>
<columnRef>
<dataObject>ORACLE_PROCESSANALYTICS_AIRPORTACCREDITATIONSERVICE_ACTIVITY</dataObject>
<column>ROLE_DEFINITION_ID</column>
</columnRef>
<hidden>false</hidden>
<columnType>ATTRIBUTE</columnType>
</column>
<column>
<name>ACTIVITY_PARTICIPANT</name>
<id>218f6cf411c74ebc9b1bbc9486c389fd</id>
<displayName>Participant</displayName>
<internal>false</internal>
<systemManaged>false</systemManaged>
<columnRef>
<dataObject>ORACLE_PROCESSANALYTICS_AIRPORTACCREDITATIONSERVICE_ACTIVITY</dataObject>
<column>ACTIVITY_PARTICIPANT</column>
</columnRef>
<hidden>false</hidden>
<columnType>DIMENSION</columnType>
</column>
<column>
<name>ACTIVITY_SCOPEID</name>
<id>92bb1b6fd02a4c18834f101791522a28</id>
<displayName>Activity Scope ID</displayName>
<internal>false</internal>
<systemManaged>false</systemManaged>
<columnRef>
<dataObject>ORACLE_PROCESSANALYTICS_AIRPORTACCREDITATIONSERVICE_ACTIVITY</dataObject>
<column>ACTIVITY_SCOPEID</column>
</columnRef>
<hidden>false</hidden>
<columnType>ATTRIBUTE</columnType>
</column>
<column>
<name>ACTIVITY_DISCRIMINATOR</name>
<id>e9c94c01e8d04fa8b1ec743dce9df9f5</id>
<displayName>Activity Discriminator</displayName>
<internal>false</internal>
<systemManaged>false</systemManaged>
<columnRef>
<dataObject>ORACLE_PROCESSANALYTICS_AIRPORTACCREDITATIONSERVICE_ACTIVITY</dataObject>
<column>ACTIVITY_DISCRIMINATOR</column>
</columnRef>
<hidden>false</hidden>
<columnType>ATTRIBUTE</columnType>
</column>
<column>
<name>ACTIVITY_PRIORITY</name>
<id>bc78122915a24089a7468daf9190a5f5</id>
<displayName>Priority</displayName>
<internal>false</internal>
<systemManaged>false</systemManaged>
<columnRef>
<dataObject>ORACLE_PROCESSANALYTICS_AIRPORTACCREDITATIONSERVICE_ACTIVITY</dataObject>
<column>ACTIVITY_PRIORITY</column>
</columnRef>
<hidden>false</hidden>
<columnType>ATTRIBUTE</columnType>
</column>
<column>
<name>ACTIVITY_FAULT_TYPE</name>
<id>4e877c45cb7a4b15abb9fd2ea8e85a1b</id>
<displayName>Fault Type</displayName>
<internal>false</internal>
<systemManaged>false</systemManaged>
<columnRef>
<dataObject>ORACLE_PROCESSANALYTICS_AIRPORTACCREDITATIONSERVICE_ACTIVITY</dataObject>
<column>ACTIVITY_FAULT_TYPE</column>
</columnRef>
<hidden>false</hidden>
<columnType>DIMENSION</columnType>
</column>
<column>
<name>ECID</name>
<id>434ed3fcbe7b442f8710dc17a3a8189c</id>
<displayName>ECID</displayName>
<internal>false</internal>
<systemManaged>false</systemManaged>
<columnRef>
<dataObject>ORACLE_PROCESSANALYTICS_AIRPORTACCREDITATIONSERVICE_ACTIVITY</dataObject>
<column>ECID</column>
</columnRef>
<hidden>false</hidden>
<columnType>ATTRIBUTE</columnType>
</column>
<column>
<name>CASEID</name>
<id>7a2bfa420327403fad1438b0c0fbc779</id>
<displayName>Case ID</displayName>
<internal>false</internal>
<systemManaged>false</systemManaged>
<columnRef>
<dataObject>ORACLE_PROCESSANALYTICS_AIRPORTACCREDITATIONSERVICE_ACTIVITY</dataObject>
<column>CASEID</column>
</columnRef>
<hidden>false</hidden>
<columnType>ATTRIBUTE</columnType>
</column>
<column>
<name>TENANT_ID</name>
<id>53216a9183394e3d8a8d496094d149c4</id>
<displayName>TenantId</displayName>
<internal>false</internal>
<systemManaged>false</systemManaged>
<columnRef>
<dataObject>ORACLE_PROCESSANALYTICS_AIRPORTACCREDITATIONSERVICE_ACTIVITY</dataObject>
<column>TENANT_ID</column>
</columnRef>
<hidden>false</hidden>
<columnType>ATTRIBUTE</columnType>
</column>
<column>
<name>FLOW_ID</name>
<id>ff56600b8c8e45618c94e0df6343271b</id>
<displayName>SCA Flow ID</displayName>
<internal>false</internal>
<systemManaged>false</systemManaged>
<columnRef>
<dataObject>ORACLE_PROCESSANALYTICS_AIRPORTACCREDITATIONSERVICE_ACTIVITY</dataObject>
<column>FLOW_ID</column>
</columnRef>
<hidden>false</hidden>
<columnType>ATTRIBUTE</columnType>
</column>
<column>
<name>CASE_DEFINITION_ID</name>
<id>6db44c963f614936a4fa815ad505fe14</id>
<displayName>Case Definition ID</displayName>
<internal>false</internal>
<systemManaged>false</systemManaged>
<columnRef>
<dataObject>ORACLE_PROCESSANALYTICS_AIRPORTACCREDITATIONSERVICE_ACTIVITY</dataObject>
<column>CASE_DEFINITION_ID</column>
</columnRef>
<hidden>false</hidden>
<columnType>ATTRIBUTE</columnType>
</column>
<column>
<name>B_ACCREDITATIONREQUESTCOUNTER</name>
<id>c6a712c6cbc34987b6eb5d687c34bdbe</id>
<displayName>AccreditationRequestCounter BI</displayName>
<internal>false</internal>
<systemManaged>false</systemManaged>
<columnRef>
<dataObject>ORACLE_PROCESSANALYTICS_AIRPORTACCREDITATIONSERVICE_ACTIVITY</dataObject>
<column>B_ACCREDITATIONREQUESTCOUNTER</column>
</columnRef>
<hidden>false</hidden>
<columnType>MEASURE</columnType>
</column>
<column>
<name>B_REQUIREDLEVEL</name>
<id>a996ac38c4d548c4bd66e280626eb709</id>
<displayName>RequiredLevel BI</displayName>
<internal>false</internal>
<systemManaged>false</systemManaged>
<columnRef>
<dataObject>ORACLE_PROCESSANALYTICS_AIRPORTACCREDITATIONSERVICE_ACTIVITY</dataObject>
<column>B_REQUIREDLEVEL</column>
</columnRef>
<hidden>false</hidden>
<columnType>DIMENSION</columnType>
</column>
<column>
<name>R_REQUIREDLEVEL</name>
<id>3b965909871341bbbc3862d0a8cfb7d9</id>
<displayName>RequiredLevel BI Range</displayName>
<internal>false</internal>
<systemManaged>false</systemManaged>
<columnRef>
<dataObject>ORACLE_PROCESSANALYTICS_AIRPORTACCREDITATIONSERVICE_ACTIVITY</dataObject>
<column>R_REQUIREDLEVEL</column>
</columnRef>
<hidden>false</hidden>
<columnType>DIMENSION</columnType>
</column>
<column>
<name>COMPOSITE_DOMAIN_NAME</name>
<id>e7d3c3da74954b5d960d2a472808bdd9</id>
<displayName>Composite Domain Name</displayName>
<internal>false</internal>
<systemManaged>false</systemManaged>
<columnRef>
<dataObject>ORACLE_PROCESSANALYTICS_COMPOSITE_DEFINITION</dataObject>
<column>COMPOSITE_DOMAIN_NAME</column>
</columnRef>
<hidden>false</hidden>
<columnType>DIMENSION</columnType>
</column>
<column>
<name>COMPOSITE_NAME</name>
<id>899c04fc4261411185740da41f17653c</id>
<displayName>Composite Name</displayName>
<internal>false</internal>
<systemManaged>false</systemManaged>
<columnRef>
<dataObject>ORACLE_PROCESSANALYTICS_COMPOSITE_DEFINITION</dataObject>
<column>COMPOSITE_NAME</column>
</columnRef>
<hidden>false</hidden>
<columnType>DIMENSION</columnType>
</column>
<column>
<name>COMPOSITE_REVISION</name>
<id>a319669f56eb4195b6911fbc7d9b8951</id>
<displayName>Composite Revision</displayName>
<internal>false</internal>
<systemManaged>false</systemManaged>
<columnRef>
<dataObject>ORACLE_PROCESSANALYTICS_COMPOSITE_DEFINITION</dataObject>
<column>COMPOSITE_REVISION</column>
</columnRef>
<hidden>false</hidden>
<columnType>DIMENSION</columnType>
</column>
<column>
<name>COMPOSITE_SCALABEL</name>
<id>bc67c4fabcc1478eb7031af49df7c794</id>
<displayName>Composite SCA Label</displayName>
<internal>false</internal>
<systemManaged>false</systemManaged>
<columnRef>
<dataObject>ORACLE_PROCESSANALYTICS_COMPOSITE_DEFINITION</dataObject>
<column>COMPOSITE_SCALABEL</column>
</columnRef>
<hidden>false</hidden>
<columnType>DIMENSION</columnType>
</column>
<column>
<name>COMPOSITE_DN</name>
<id>e4cb5f163e154f508cc76950b298caae</id>
<displayName>Composite DN</displayName>
<internal>false</internal>
<systemManaged>false</systemManaged>
<columnRef>
<dataObject>ORACLE_PROCESSANALYTICS_COMPOSITE_DEFINITION</dataObject>
<column>COMPOSITE_DN</column>
</columnRef>
<hidden>false</hidden>
<columnType>ATTRIBUTE</columnType>
</column>
<column>
<name>COMPOSITE_BACVERSION</name>
<id>1a392a87369a400d86df55736a75ffad</id>
<displayName>Composite BAC Version</displayName>
<internal>false</internal>
<systemManaged>false</systemManaged>
<columnRef>
<dataObject>ORACLE_PROCESSANALYTICS_COMPOSITE_DEFINITION</dataObject>
<column>COMPOSITE_BACVERSION</column>
</columnRef>
<hidden>false</hidden>
<columnType>ATTRIBUTE</columnType>
</column>
<column>
<name>COMPOSITE_DEPLOY_STATUS</name>
<id>4fbaacca91ed447587359cace8769e60</id>
<displayName>Composite Deployment Status</displayName>
<internal>false</internal>
<systemManaged>false</systemManaged>
<columnRef>
<dataObject>ORACLE_PROCESSANALYTICS_COMPOSITE_DEFINITION</dataObject>
<column>COMPOSITE_DEPLOY_STATUS</column>
</columnRef>
<hidden>false</hidden>
<columnType>ATTRIBUTE</columnType>
</column>
<column>
<name>COMPOSITE_DEPLOYDATE</name>
<id>3e6de1e558954d17843282ffc4201f24</id>
<displayName>Composite Deploy Date</displayName>
<internal>false</internal>
<systemManaged>false</systemManaged>
<columnRef>
<dataObject>ORACLE_PROCESSANALYTICS_COMPOSITE_DEFINITION</dataObject>
<column>COMPOSITE_DEPLOYDATE</column>
</columnRef>
<hidden>false</hidden>
<columnType>ATTRIBUTE</columnType>
</column>
<column>
<name>COMPOSITE_UNDEPLOYDATE</name>
<id>2d36c71b25ff458287bf980e333326ec</id>
<displayName>Composite Undeploy Date</displayName>
<internal>false</internal>
<systemManaged>false</systemManaged>
<columnRef>
<dataObject>ORACLE_PROCESSANALYTICS_COMPOSITE_DEFINITION</dataObject>
<column>COMPOSITE_UNDEPLOYDATE</column>
</columnRef>
<hidden>false</hidden>
<columnType>ATTRIBUTE</columnType>
</column>
<column>
<name>COMPOSITE_LASTUPDATED</name>
<id>0eeef239ed094fa2b3655691afd2b875</id>
<displayName>Composite Lastupdated Date</displayName>
<internal>false</internal>
<systemManaged>false</systemManaged>
<columnRef>
<dataObject>ORACLE_PROCESSANALYTICS_COMPOSITE_DEFINITION</dataObject>
<column>COMPOSITE_LASTUPDATED</column>
</columnRef>
<hidden>false</hidden>
<columnType>ATTRIBUTE</columnType>
</column>
<column>
<name>ANALYTICS_VIEWER_ROLE</name>
<id>b9ec8f90a9c742f18aa196ef754708bb</id>
<displayName>Analytics Viewer Role</displayName>
<internal>false</internal>
<systemManaged>false</systemManaged>
<columnRef>
<dataObject>ORACLE_PROCESSANALYTICS_COMPOSITE_DEFINITION</dataObject>
<column>ANALYTICS_VIEWER_ROLE</column>
</columnRef>
<hidden>false</hidden>
<columnType>ATTRIBUTE</columnType>
</column>
<column>
<name>ANALYTICS_VIEW_IDENTIFIER</name>
<id>0232df982ee340db88d47a86c5152a1c</id>
<displayName>Analytics View Identifier</displayName>
<internal>false</internal>
<systemManaged>false</systemManaged>
<columnRef>
<dataObject>ORACLE_PROCESSANALYTICS_COMPOSITE_DEFINITION</dataObject>
<column>ANALYTICS_VIEW_IDENTIFIER</column>
</columnRef>
<hidden>false</hidden>
<columnType>ATTRIBUTE</columnType>
</column>
<column>
<name>PROCESS_NAME</name>
<id>2faa4144c87e41cea310f4e1fc7aa9f4</id>
<displayName>Process Name</displayName>
<internal>false</internal>
<systemManaged>false</systemManaged>
<columnRef>
<dataObject>ORACLE_PROCESSANALYTICS_PROCESS_DEFINITION</dataObject>
<column>PROCESS_NAME</column>
</columnRef>
<hidden>false</hidden>
<columnType>DIMENSION</columnType>
</column>
<column>
<name>PROCESS_LABEL</name>
<id>990554f057664fb29104707f966c1ef8</id>
<displayName>Process Display Name</displayName>
<internal>false</internal>
<systemManaged>false</systemManaged>
<columnRef>
<dataObject>ORACLE_PROCESSANALYTICS_PROCESS_DEFINITION</dataObject>
<column>PROCESS_LABEL</column>
</columnRef>
<hidden>false</hidden>
<columnType>DIMENSION</columnType>
</column>
<column>
<name>PROCESS_TYPE</name>
<id>acb9ed5924a94529919da195a5de5324</id>
<displayName>Process Type</displayName>
<internal>false</internal>
<systemManaged>false</systemManaged>
<columnRef>
<dataObject>ORACLE_PROCESSANALYTICS_PROCESS_DEFINITION</dataObject>
<column>PROCESS_TYPE</column>
</columnRef>
<hidden>false</hidden>
<columnType>ATTRIBUTE</columnType>
</column>
<column>
<name>PROCESS_DEPLOYMENT_STATUS</name>
<id>daae93d4dfbf4d57a1fe154b75986f89</id>
<displayName>Process Deployment Status</displayName>
<internal>false</internal>
<systemManaged>false</systemManaged>
<columnRef>
<dataObject>ORACLE_PROCESSANALYTICS_PROCESS_DEFINITION</dataObject>
<column>PROCESS_DEPLOYMENT_STATUS</column>
</columnRef>
<hidden>false</hidden>
<columnType>ATTRIBUTE</columnType>
</column>
<column>
<name>PROCESS_MIGRATION_STATUS</name>
<id>872c3f51e0e348a7adad9d92a1453a91</id>
<displayName>Process Migration Status</displayName>
<internal>false</internal>
<systemManaged>false</systemManaged>
<columnRef>
<dataObject>ORACLE_PROCESSANALYTICS_PROCESS_DEFINITION</dataObject>
<column>PROCESS_MIGRATION_STATUS</column>
</columnRef>
<hidden>false</hidden>
<columnType>ATTRIBUTE</columnType>
</column>
<column>
<name>ORGUNITID</name>
<id>13696e272cd647c79641af600bc3bd48</id>
<displayName>Organization Unit ID</displayName>
<internal>false</internal>
<systemManaged>false</systemManaged>
<columnRef>
<dataObject>ORACLE_PROCESSANALYTICS_PROCESS_DEFINITION</dataObject>
<column>ORGUNITID</column>
</columnRef>
<hidden>false</hidden>
<columnType>ATTRIBUTE</columnType>
</column>
<column>
<name>PROCESS_DEPLOYDATE</name>
<id>72ccf24c22c64dee975c5b7dcaedf46c</id>
<displayName>Process Deploy Date</displayName>
<internal>false</internal>
<systemManaged>false</systemManaged>
<columnRef>
<dataObject>ORACLE_PROCESSANALYTICS_PROCESS_DEFINITION</dataObject>
<column>PROCESS_DEPLOYDATE</column>
</columnRef>
<hidden>false</hidden>
<columnType>ATTRIBUTE</columnType>
</column>
<column>
<name>PROCESS_UNDEPLOYDATE</name>
<id>349e2b2e3c0c41ac8ca7efffe3a264eb</id>
<displayName>Process Undeploy Date</displayName>
<internal>false</internal>
<systemManaged>false</systemManaged>
<columnRef>
<dataObject>ORACLE_PROCESSANALYTICS_PROCESS_DEFINITION</dataObject>
<column>PROCESS_UNDEPLOYDATE</column>
</columnRef>
<hidden>false</hidden>
<columnType>ATTRIBUTE</columnType>
</column>
<column>
<name>PROCESS_DEFN_LASTUPDATED</name>
<id>a59225636f4e4170bc45954c1240a945</id>
<displayName>Process Definition Last Updated Date</displayName>
<internal>false</internal>
<systemManaged>false</systemManaged>
<columnRef>
<dataObject>ORACLE_PROCESSANALYTICS_PROCESS_DEFINITION</dataObject>
<column>PROCESS_DEFN_LASTUPDATED</column>
</columnRef>
<hidden>false</hidden>
<columnType>ATTRIBUTE</columnType>
</column>
<column>
<name>PROCESS_OWNER_ROLE</name>
<id>d2db8faf466a42e5a87049f0d07b620c</id>
<displayName>Process Owner Role</displayName>
<internal>false</internal>
<systemManaged>false</systemManaged>
<columnRef>
<dataObject>ORACLE_PROCESSANALYTICS_PROCESS_DEFINITION</dataObject>
<column>PROCESS_OWNER_ROLE</column>
</columnRef>
<hidden>false</hidden>
<columnType>ATTRIBUTE</columnType>
</column>
<column>
<name>PROCESS_REVIEWER_ROLE</name>
<id>5eaf705952184aeebc7969652a493670</id>
<displayName>Process Reviewer Role</displayName>
<internal>false</internal>
<systemManaged>false</systemManaged>
<columnRef>
<dataObject>ORACLE_PROCESSANALYTICS_PROCESS_DEFINITION</dataObject>
<column>PROCESS_REVIEWER_ROLE</column>
</columnRef>
<hidden>false</hidden>
<columnType>ATTRIBUTE</columnType>
</column>
<column>
<name>PROCESS_ISPRIMARY</name>
<id>26183cf2a726402bb89c0bbfdbba2c26</id>
<displayName>Is Primary Process</displayName>
<internal>false</internal>
<systemManaged>false</systemManaged>
<columnRef>
<dataObject>ORACLE_PROCESSANALYTICS_PROCESS_DEFINITION</dataObject>
<column>PROCESS_ISPRIMARY</column>
</columnRef>
<hidden>false</hidden>
<columnType>ATTRIBUTE</columnType>
</column>
<column>
<name>ACTIVITY_NAME</name>
<id>cbd307157f78454f9fd34d6ff0ad52e5</id>
<displayName>Activity Name</displayName>
<internal>false</internal>
<systemManaged>false</systemManaged>
<columnRef>
<dataObject>ORACLE_PROCESSANALYTICS_ACTIVITY_DEFINITION</dataObject>
<column>ACTIVITY_NAME</column>
</columnRef>
<hidden>false</hidden>
<columnType>DIMENSION</columnType>
</column>
<column>
<name>ACTIVITY_LABEL</name>
<id>28caf3195c7a4a2fad560a6c9e9c560e</id>
<displayName>Activity Display Name</displayName>
<internal>false</internal>
<systemManaged>false</systemManaged>
<columnRef>
<dataObject>ORACLE_PROCESSANALYTICS_ACTIVITY_DEFINITION</dataObject>
<column>ACTIVITY_LABEL</column>
</columnRef>
<hidden>false</hidden>
<columnType>DIMENSION</columnType>
</column>
<column>
<name>ACTIVITY_TYPE</name>
<id>ccc752d782534e46b356c7e1584a76aa</id>
<displayName>Activity Type</displayName>
<internal>false</internal>
<systemManaged>false</systemManaged>
<columnRef>
<dataObject>ORACLE_PROCESSANALYTICS_ACTIVITY_DEFINITION</dataObject>
<column>ACTIVITY_TYPE</column>
</columnRef>
<hidden>false</hidden>
<columnType>ATTRIBUTE</columnType>
</column>
<column>
<name>ROLE_NAME</name>
<id>1ffac0e7d46e42b0a057fc48cd22d7df</id>
<displayName>Role Name</displayName>
<internal>false</internal>
<systemManaged>false</systemManaged>
<columnRef>
<dataObject>ORACLE_PROCESSANALYTICS_ROLE_DEFINITION</dataObject>
<column>ROLE_NAME</column>
</columnRef>
<hidden>false</hidden>
<columnType>DIMENSION</columnType>
</column>
<column>
<name>ROLE_LABEL</name>
<id>aadef9d12d2d47cc896b92ce09574661</id>
<displayName>Role Display Name</displayName>
<internal>false</internal>
<systemManaged>false</systemManaged>
<columnRef>
<dataObject>ORACLE_PROCESSANALYTICS_ROLE_DEFINITION</dataObject>
<column>ROLE_LABEL</column>
</columnRef>
<hidden>false</hidden>
<columnType>DIMENSION</columnType>
</column>
<column>
<name>APP_ROLE_NAME</name>
<id>122672e5f5514e7a96f98bb9a4b8c68b</id>
<displayName>Application Role</displayName>
<internal>false</internal>
<systemManaged>false</systemManaged>
<columnRef>
<dataObject>ORACLE_PROCESSANALYTICS_ROLE_DEFINITION</dataObject>
<column>APP_ROLE_NAME</column>
</columnRef>
<hidden>false</hidden>
<columnType>ATTRIBUTE</columnType>
</column>
<column>
<name>IS_PROCESS_OWNER</name>
<id>e900a415a31346fe897e04f7eb965309</id>
<displayName>Is Process Owner</displayName>
<internal>false</internal>
<systemManaged>false</systemManaged>
<columnRef>
<dataObject>ORACLE_PROCESSANALYTICS_ROLE_DEFINITION</dataObject>
<column>IS_PROCESS_OWNER</column>
</columnRef>
<hidden>false</hidden>
<columnType>ATTRIBUTE</columnType>
</column>
<column>
<name>B_SECURITYCHECKSCOUNTER</name>
<id>4ec063f932d5470a8f3cec5b07c5941d</id>
<displayName>SecurityChecksCounter BI</displayName>
<internal>false</internal>
<systemManaged>false</systemManaged>
<columnRef>
<dataObject>ORACLE_PROCESSANALYTICS_AIRPORTACCREDITATIONSERVICE_ACTIVITY</dataObject>
<column>B_SECURITYCHECKSCOUNTER</column>
</columnRef>
<hidden>false</hidden>
<columnType>MEASURE</columnType>
</column>
<column>
<name>B_REQUESTINGORGANIZATION</name>
<id>4cab32b5b751416b92271aafe7da1d3e</id>
<displayName>requestingOrganization BI</displayName>
<internal>false</internal>
<systemManaged>false</systemManaged>
<columnRef>
<dataObject>ORACLE_PROCESSANALYTICS_AIRPORTACCREDITATIONSERVICE_ACTIVITY</dataObject>
<column>B_REQUESTINGORGANIZATION</column>
</columnRef>
<hidden>false</hidden>
<columnType>DIMENSION</columnType>
</column>
<column>
<name>B_UNKNOWNREQUESTORCOUNTER</name>
<id>b973edc91ac6460daecde06e29c6b7ba</id>
<displayName>UnknownRequestorCounter BI</displayName>
<internal>false</internal>
<systemManaged>false</systemManaged>
<columnRef>
<dataObject>ORACLE_PROCESSANALYTICS_AIRPORTACCREDITATIONSERVICE_ACTIVITY</dataObject>
<column>B_UNKNOWNREQUESTORCOUNTER</column>
</columnRef>
<hidden>false</hidden>
<columnType>MEASURE</columnType>
</column>
<column>
<name>B_REQUESTEDSECURITYLEVEL</name>
<id>98895c75fade4403866a36ae3cb95888</id>
<displayName>RequestedSecurityLevel BI</displayName>
<internal>false</internal>
<systemManaged>false</systemManaged>
<columnRef>
<dataObject>ORACLE_PROCESSANALYTICS_AIRPORTACCREDITATIONSERVICE_ACTIVITY</dataObject>
<column>B_REQUESTEDSECURITYLEVEL</column>
</columnRef>
<hidden>false</hidden>
<columnType>DIMENSION</columnType>
</column>
<column>
<name>R_REQUESTEDSECURITYLEVEL</name>
<id>210d2fa972eb413f95821db49d2239e2</id>
<displayName>RequestedSecurityLevel BI Range</displayName>
<internal>false</internal>
<systemManaged>false</systemManaged>
<columnRef>
<dataObject>ORACLE_PROCESSANALYTICS_AIRPORTACCREDITATIONSERVICE_ACTIVITY</dataObject>
<column>R_REQUESTEDSECURITYLEVEL</column>
</columnRef>
<hidden>false</hidden>
<columnType>DIMENSION</columnType>
</column>
<column>
<name>B_REQUIREDSECURITYLEVEL</name>
<id>c946d1bd05be4cf3a00461bb205c15df</id>
<displayName>RequiredSecurityLevel BI</displayName>
<internal>false</internal>
<systemManaged>false</systemManaged>
<columnRef>
<dataObject>ORACLE_PROCESSANALYTICS_AIRPORTACCREDITATIONSERVICE_ACTIVITY</dataObject>
<column>B_REQUIREDSECURITYLEVEL</column>
</columnRef>
<hidden>false</hidden>
<columnType>MEASURE</columnType>
</column>
<column>
<name>S_REQUIREDSECURITYLEVEL</name>
<id>e3dcb5c214b54714a85e7f493cc47adf</id>
<displayName>RequiredSecurityLevel BI Start Value</displayName>
<internal>false</internal>
<systemManaged>false</systemManaged>
<columnRef>
<dataObject>ORACLE_PROCESSANALYTICS_AIRPORTACCREDITATIONSERVICE_ACTIVITY</dataObject>
<column>S_REQUIREDSECURITYLEVEL</column>
</columnRef>
<hidden>false</hidden>
<columnType>MEASURE</columnType>
</column>
<column>
<name>B_DIMENSION1</name>
<id>90e046101bad4e82b2f1aa5e3950412d</id>
<displayName>Dimension1 BI</displayName>
<internal>false</internal>
<systemManaged>false</systemManaged>
<columnRef>
<dataObject>ORACLE_PROCESSANALYTICS_AIRPORTACCREDITATIONSERVICE_ACTIVITY</dataObject>
<column>B_DIMENSION1</column>
</columnRef>
<hidden>false</hidden>
<columnType>DIMENSION</columnType>
</column>
</columns>
<hierarchies/>
<joins>
<join>
<id>52ff1dcb5b7a4ae5a3609ea2092dbf2e</id>
<internal>false</internal>
<systemManaged>false</systemManaged>
<leftColumns>
<column>
<dataObject>ORACLE_PROCESSANALYTICS_AIRPORTACCREDITATIONSERVICE_ACTIVITY</dataObject>
<column>ACTIVITY_DEFINITION_ID</column>
</column>
</leftColumns>
<rightColumns>
<column>
<dataObject>ORACLE_PROCESSANALYTICS_ACTIVITY_DEFINITION</dataObject>
<column>BEAM_ID</column>
</column>
</rightColumns>
</join>
<join>
<id>c2263e586c604938871cf4aa8a6ad0e0</id>
<internal>false</internal>
<systemManaged>false</systemManaged>
<leftColumns>
<column>
<dataObject>ORACLE_PROCESSANALYTICS_AIRPORTACCREDITATIONSERVICE_ACTIVITY</dataObject>
<column>PROCESS_DEFINITION_ID</column>
</column>
</leftColumns>
<rightColumns>
<column>
<dataObject>ORACLE_PROCESSANALYTICS_PROCESS_DEFINITION</dataObject>
<column>BEAM_ID</column>
</column>
</rightColumns>
</join>
<join>
<id>bbc0aebe21104b52aa0408dbf40528c8</id>
<internal>false</internal>
<systemManaged>false</systemManaged>
<leftColumns>
<column>
<dataObject>ORACLE_PROCESSANALYTICS_AIRPORTACCREDITATIONSERVICE_ACTIVITY</dataObject>
<column>COMPOSITE_DEFINITION_ID</column>
</column>
</leftColumns>
<rightColumns>
<column>
<dataObject>ORACLE_PROCESSANALYTICS_COMPOSITE_DEFINITION</dataObject>
<column>BEAM_ID</column>
</column>
</rightColumns>
</join>
<join>
<id>1fe34caedc1b4b1fb2bd311303038774</id>
<internal>false</internal>
<systemManaged>false</systemManaged>
<leftColumns>
<column>
<dataObject>ORACLE_PROCESSANALYTICS_AIRPORTACCREDITATIONSERVICE_ACTIVITY</dataObject>
<column>ROLE_DEFINITION_ID</column>
</column>
</leftColumns>
<rightColumns>
<column>
<dataObject>ORACLE_PROCESSANALYTICS_ROLE_DEFINITION</dataObject>
<column>BEAM_ID</column>
</column>
</rightColumns>
</join>
</joins>
<filter>
<name/>
<type>ANY</type>
<branches/>
<entries>
<entry>
<column>PROCESS_DEPLOYMENT_STATUS</column>
<lhsColumn/>
<operator>EQ</operator>
<rhsValue>
<value xmlns:xsd="http://www.w3.org/2001/XMLSchema" xmlns:xsi="http://www.w3.org/2001/XMLSchema-instance" xsi:type="xsd:long">1</value>
</rhsValue>
<isDateTimeLike>false</isDateTimeLike>
<dateCompareMode>DATETIME</dateCompareMode>
</entry>
<entry>
<column>ACTIVITY_INSTANCE_STATUS</column>
<lhsColumn/>
<operator>EQ</operator>
<rhsValue>
<value xmlns:xsd="http://www.w3.org/2001/XMLSchema" xmlns:xsi="http://www.w3.org/2001/XMLSchema-instance" xsi:type="xsd:string">COMPLETED</value>
</rhsValue>
<isDateTimeLike>false</isDateTimeLike>
<dateCompareMode>DATETIME</dateCompareMode>
</entry>
<entry>
<column>ACTIVITY_INSTANCE_STATUS</column>
<lhsColumn/>
<operator>EQ</operator>
<rhsValue>
<value xmlns:xsd="http://www.w3.org/2001/XMLSchema" xmlns:xsi="http://www.w3.org/2001/XMLSchema-instance" xsi:type="xsd:string">COUNTED</value>
</rhsValue>
<isDateTimeLike>false</isDateTimeLike>
<dateCompareMode>DATETIME</dateCompareMode>
</entry>
</entries>
<none>false</none>
</filter>
<eventIdColName>BEAM_ID</eventIdColName>
</ns0:logicalDataObject>