<?xml version = '1.0' encoding = 'UTF-8'?>
<ns0:businessQuery xmlns:ns0="http://xmlns.oracle.com/bam/bam12">
<name>AccreditationRequestsInLastHour</name>
<id>/project/AirportAccreditationsDashboard/businessquery/AccreditationRequestsInLastHour</id>
<displayName>AccreditationRequestsInLastHour</displayName>
<internal>false</internal>
<systemManaged>false</systemManaged>
<createdDate>2014-11-24T18:25:08.615+01:00</createdDate>
<modifiedDate>2014-11-24T18:33:53.162+01:00</modifiedDate>
<createdBy>weblogic</createdBy>
<modifiedBy>weblogic</modifiedBy>
<type>GROUP</type>
<projectName>AirportAccreditationsDashboard</projectName>
<dataObjectName>ORACLE_PROCESSANALYTICS_AIRPORTACCREDITATIONSERVICE_BPM_PROCESS</dataObjectName>
<dataSeries>
<series>COUNT(*)</series>
</dataSeries>
<labelSeries/>
<groups/>
<timeGroupings>
<entries/>
</timeGroupings>
<calculatedFields/>
<runtimeFilter>
<name>runtimeFilter</name>
<type>ALL</type>
<branches/>
<entries/>
<none>false</none>
</runtimeFilter>
<internalFilter>
<name>internalFilter</name>
<type>ALL</type>
<branches/>
<entries>
<entry>
<column>TIME_IN_SECONDS_SINCE_STARTED</column>
<lhsColumn>
<name>TIME_IN_SECONDS_SINCE_STARTED</name>
<displayName>TIME_IN_SECONDS_SINCE_STARTED</displayName>
</lhsColumn>
<operator>LT</operator>
<rhsValue>
<value xmlns:xsd="http://www.w3.org/2001/XMLSchema" xmlns:xsi="http://www.w3.org/2001/XMLSchema-instance" xsi:type="xsd:decimal">3600</value>
</rhsValue>
<isDateTimeLike>false</isDateTimeLike>
<dateCompareMode>DATETIME</dateCompareMode>
</entry>
</entries>
<none>false</none>
</internalFilter>
<groupFilter>
<name>groupFilter</name>
<type>ALL</type>
<branches/>
<entries/>
<none>false</none>
</groupFilter>
<topN>0</topN>
<topNEnabled>false</topNEnabled>
<sorts>
<entries/>
</sorts>
</ns0:businessQuery>