<?xml version = '1.0' encoding = 'UTF-8'?>
<mds:customization version="12.1.3_20140521.1008" xmlns:mds="http://xmlns.oracle.com/mds" motype_local_name="DataControlConfigs" motype_nsuri="http://xmlns.oracle.com/adfm/configuration">
<mds:replace node="AirportAccreditationsDashboard_InTeRnAlNaMeQuery__1416847992731_DeTaIlEd"/>
<mds:insert parent="(xmlns(mds_ns1=http://xmlns.oracle.com/adfm/configuration))/mds_ns1:DataControlConfigs" position="last">
<AdapterDataControl id="AirportAccreditationsDashboard_InTeRnAlNaMeQuery__1416847992731_DeTaIlEd" FactoryClass="oracle.beam.datacontrol.adapter.BeamDataControlFactoryImpl" ImplDef="oracle.beam.datacontrol.adapter.BeamDataControlDefinition" SupportsTransactions="false" SupportsSortCollection="false" SupportsResetState="false" SupportsRangesize="false" SupportsFindMode="false" SupportsUpdates="false" Definition="oracle.beam.datacontrol.definition.AirportAccreditationsDashboard_InTeRnAlNaMeQuery__1416847992731_DeTaIlEd" BeanClass="oracle.beam.datacontrol.definition.AirportAccreditationsDashboard_InTeRnAlNaMeQuery__1416847992731_DeTaIlEd" xmlns="http://xmlns.oracle.com/adfm/datacontrol">
<Source>
<BeamDataControl xmlns="http://xmlns.oracle.com/bam/datacontrol" connection="BAMServerConnection1">
<Modifiers>
<Modifier version="1.0" type="FLAT" dataset="ORACLE_PROCESSANALYTICS_AIRPORTACCREDITATIONSERVICE_BPM_PROCESS" queryName="InTeRnAlNaMeQuery__1416847992731_DeTaIlEd" subjectArea="AirportAccreditationsDashboard" queryId="/project/AirportAccreditationsDashboard/businessquery/InTeRnAlNaMeQuery__1416847992731_DeTaIlEd">
<FieldRefs>
<DatasetField fieldRefID="0" datasetField="BEAM_ID" datasetFieldDisplayName="" order="0" dataType="INTEGER" isGroupLevel="false"/>
<DatasetField fieldRefID="1" datasetField="COMPOSITE_DEFINITION_ID" datasetFieldDisplayName="" order="1" dataType="INTEGER" isGroupLevel="false"/>
<DatasetField fieldRefID="2" datasetField="PROCESS_DEFINITION_ID" datasetFieldDisplayName="" order="2" dataType="INTEGER" isGroupLevel="false"/>
<DatasetField fieldRefID="3" datasetField="COMPONENT_INSTANCE_ID" datasetFieldDisplayName="" order="3" dataType="STRING" isGroupLevel="false"/>
<DatasetField fieldRefID="4" datasetField="COMPOSITE_INSTANCE_ID" datasetFieldDisplayName="" order="4" dataType="STRING" isGroupLevel="false"/>
<DatasetField fieldRefID="5" datasetField="PROCESS_FAULT_TYPE" datasetFieldDisplayName="" order="5" dataType="STRING" isGroupLevel="false"/>
<DatasetField fieldRefID="6" datasetField="PROCESS_START_TIME" datasetFieldDisplayName="" order="6" dataType="DATETIME" isGroupLevel="false"/>
<DatasetField fieldRefID="7" datasetField="PROCESS_END_TIME" datasetFieldDisplayName="" order="7" dataType="DATETIME" isGroupLevel="false"/>
<DatasetField fieldRefID="8" datasetField="PROCESS_LASTUPDATED_TIME" datasetFieldDisplayName="" order="8" dataType="DATETIME" isGroupLevel="false"/>
<DatasetField fieldRefID="9" datasetField="PROCESS_RUNNING_TIME" datasetFieldDisplayName="" order="9" dataType="INTEGER" isGroupLevel="false"/>
<DatasetField fieldRefID="10" datasetField="PROCESS_SUSPEND_TIME" datasetFieldDisplayName="" order="10" dataType="INTEGER" isGroupLevel="false"/>
<DatasetField fieldRefID="11" datasetField="PROCESS_INSTANCE_STATUS" datasetFieldDisplayName="" order="11" dataType="STRING" isGroupLevel="false"/>
<DatasetField fieldRefID="12" datasetField="ECID" datasetFieldDisplayName="" order="12" dataType="STRING" isGroupLevel="false"/>
<DatasetField fieldRefID="13" datasetField="CASEID" datasetFieldDisplayName="" order="13" dataType="STRING" isGroupLevel="false"/>
<DatasetField fieldRefID="14" datasetField="TENANT_ID" datasetFieldDisplayName="" order="14" dataType="INTEGER" isGroupLevel="false"/>
<DatasetField fieldRefID="15" datasetField="FLOW_ID" datasetFieldDisplayName="" order="15" dataType="INTEGER" isGroupLevel="false"/>
<DatasetField fieldRefID="16" datasetField="PROCESS_INSTANCE_TITLE" datasetFieldDisplayName="" order="16" dataType="STRING" isGroupLevel="false"/>
<DatasetField fieldRefID="17" datasetField="CASE_DEFINITION_ID" datasetFieldDisplayName="" order="17" dataType="INTEGER" isGroupLevel="false"/>
<DatasetField fieldRefID="18" datasetField="PROCESS_DUE_TIME" datasetFieldDisplayName="" order="18" dataType="DATETIME" isGroupLevel="false"/>
<DatasetField fieldRefID="19" datasetField="PROCESS_EXPIRATION_TIME" datasetFieldDisplayName="" order="19" dataType="DATETIME" isGroupLevel="false"/>
<DatasetField fieldRefID="20" datasetField="PROCESS_ESTIMATED_TIME" datasetFieldDisplayName="" order="20" dataType="DATETIME" isGroupLevel="false"/>
<DatasetField fieldRefID="21" datasetField="B_REQUIREDLEVEL" datasetFieldDisplayName="" order="21" dataType="DECIMAL" isGroupLevel="false"/>
<DatasetField fieldRefID="22" datasetField="R_REQUIREDLEVEL" datasetFieldDisplayName="" order="22" dataType="STRING" isGroupLevel="false"/>
<DatasetField fieldRefID="23" datasetField="COMPOSITE_DOMAIN_NAME" datasetFieldDisplayName="" order="23" dataType="STRING" isGroupLevel="false"/>
<DatasetField fieldRefID="24" datasetField="COMPOSITE_NAME" datasetFieldDisplayName="" order="24" dataType="STRING" isGroupLevel="false"/>
<DatasetField fieldRefID="25" datasetField="COMPOSITE_REVISION" datasetFieldDisplayName="" order="25" dataType="STRING" isGroupLevel="false"/>
<DatasetField fieldRefID="26" datasetField="COMPOSITE_SCALABEL" datasetFieldDisplayName="" order="26" dataType="STRING" isGroupLevel="false"/>
<DatasetField fieldRefID="27" datasetField="COMPOSITE_DN" datasetFieldDisplayName="" order="27" dataType="STRING" isGroupLevel="false"/>
<DatasetField fieldRefID="28" datasetField="COMPOSITE_BACVERSION" datasetFieldDisplayName="" order="28" dataType="STRING" isGroupLevel="false"/>
<DatasetField fieldRefID="29" datasetField="COMPOSITE_DEPLOY_STATUS" datasetFieldDisplayName="" order="29" dataType="STRING" isGroupLevel="false"/>
<DatasetField fieldRefID="30" datasetField="COMPOSITE_DEPLOYDATE" datasetFieldDisplayName="" order="30" dataType="DATETIME" isGroupLevel="false"/>
<DatasetField fieldRefID="31" datasetField="COMPOSITE_UNDEPLOYDATE" datasetFieldDisplayName="" order="31" dataType="DATETIME" isGroupLevel="false"/>
<DatasetField fieldRefID="32" datasetField="COMPOSITE_LASTUPDATED" datasetFieldDisplayName="" order="32" dataType="DATETIME" isGroupLevel="false"/>
<DatasetField fieldRefID="33" datasetField="ANALYTICS_VIEWER_ROLE" datasetFieldDisplayName="" order="33" dataType="STRING" isGroupLevel="false"/>
<DatasetField fieldRefID="34" datasetField="ANALYTICS_VIEW_IDENTIFIER" datasetFieldDisplayName="" order="34" dataType="STRING" isGroupLevel="false"/>
<DatasetField fieldRefID="35" datasetField="PROCESS_NAME" datasetFieldDisplayName="" order="35" dataType="STRING" isGroupLevel="false"/>
<DatasetField fieldRefID="36" datasetField="PROCESS_LABEL" datasetFieldDisplayName="" order="36" dataType="STRING" isGroupLevel="false"/>
<DatasetField fieldRefID="37" datasetField="PROCESS_TYPE" datasetFieldDisplayName="" order="37" dataType="STRING" isGroupLevel="false"/>
<DatasetField fieldRefID="38" datasetField="PROCESS_DEPLOYMENT_STATUS" datasetFieldDisplayName="" order="38" dataType="INTEGER" isGroupLevel="false"/>
<DatasetField fieldRefID="39" datasetField="PROCESS_MIGRATION_STATUS" datasetFieldDisplayName="" order="39" dataType="STRING" isGroupLevel="false"/>
<DatasetField fieldRefID="40" datasetField="ORGUNITID" datasetFieldDisplayName="" order="40" dataType="STRING" isGroupLevel="false"/>
<DatasetField fieldRefID="41" datasetField="PROCESS_DEPLOYDATE" datasetFieldDisplayName="" order="41" dataType="DATETIME" isGroupLevel="false"/>
<DatasetField fieldRefID="42" datasetField="PROCESS_UNDEPLOYDATE" datasetFieldDisplayName="" order="42" dataType="DATETIME" isGroupLevel="false"/>
<DatasetField fieldRefID="43" datasetField="PROCESS_DEFN_LASTUPDATED" datasetFieldDisplayName="" order="43" dataType="DATETIME" isGroupLevel="false"/>
<DatasetField fieldRefID="44" datasetField="PROCESS_OWNER_ROLE" datasetFieldDisplayName="" order="44" dataType="STRING" isGroupLevel="false"/>
<DatasetField fieldRefID="45" datasetField="PROCESS_REVIEWER_ROLE" datasetFieldDisplayName="" order="45" dataType="STRING" isGroupLevel="false"/>
<DatasetField fieldRefID="46" datasetField="PROCESS_ISPRIMARY" datasetFieldDisplayName="" order="46" dataType="STRING" isGroupLevel="false"/>
<DatasetField fieldRefID="47" datasetField="B_REQUESTINGORGANIZATION" datasetFieldDisplayName="" order="47" dataType="STRING" isGroupLevel="false"/>
<DatasetField fieldRefID="48" datasetField="B_REQUESTEDSECURITYLEVEL" datasetFieldDisplayName="" order="48" dataType="DECIMAL" isGroupLevel="false"/>
<DatasetField fieldRefID="49" datasetField="R_REQUESTEDSECURITYLEVEL" datasetFieldDisplayName="" order="49" dataType="STRING" isGroupLevel="false"/>
<DatasetField fieldRefID="50" datasetField="B_REQUIREDSECURITYLEVEL" datasetFieldDisplayName="" order="50" dataType="DECIMAL" isGroupLevel="false"/>
<DatasetField fieldRefID="51" datasetField="S_REQUIREDSECURITYLEVEL" datasetFieldDisplayName="" order="51" dataType="DECIMAL" isGroupLevel="false"/>
<DatasetField fieldRefID="52" datasetField="DATAOBJECT_CREATED" datasetFieldDisplayName="" order="52" dataType="DATETIME" isGroupLevel="false"/>
<DatasetField fieldRefID="53" datasetField="DATAOBJECT_MODIFIED" datasetFieldDisplayName="" order="53" dataType="DATETIME" isGroupLevel="false"/>
<DatasetField CalculatedFieldID="0'" fieldRefID="54'" datasetField="PROCESS_RUNNING_TIME_IN_SEC" datasetFieldDisplayName="PROCESS_RUNNING_TIME_IN_SEC" order="54" dataType="INTEGER" isGroupLevel="false"/>
<DatasetField CalculatedFieldID="1'" fieldRefID="55'" datasetField="PROCESS_RUNNING_TIME_IN_MIN" datasetFieldDisplayName="PROCESS_RUNNING_TIME_IN_MIN" order="55" dataType="INTEGER" isGroupLevel="false"/>
<DatasetField CalculatedFieldID="2'" fieldRefID="56'" datasetField="TIME_IN_SECONDS_SINCE_STARTED" datasetFieldDisplayName="TIME_IN_SECONDS_SINCE_STARTED" order="56" dataType="INTEGER" isGroupLevel="false"/>
</FieldRefs>
<CalculatedFields>
<CalculatedField CalculatedFieldID="0">
<CalculatedFieldName>PROCESS_RUNNING_TIME_IN_SEC</CalculatedFieldName>
<CalcExpression>PROCESS_RUNNING_TIME/1000</CalcExpression>
<CalculatedExpr>
<Expression>
<Value bParameter="false">PROCESS_RUNNING_TIME</Value>
<BinaryOpr>/</BinaryOpr>
<Value bParameter="false">1000</Value>
</Expression>
</CalculatedExpr>
</CalculatedField>
<CalculatedField CalculatedFieldID="1">
<CalculatedFieldName>PROCESS_RUNNING_TIME_IN_MIN</CalculatedFieldName>
<CalcExpression>PROCESS_RUNNING_TIME/60000</CalcExpression>
<CalculatedExpr>
<Expression>
<Value bParameter="false">PROCESS_RUNNING_TIME</Value>
<BinaryOpr>/</BinaryOpr>
<Value bParameter="false">60000</Value>
</Expression>
</CalculatedExpr>
</CalculatedField>
<CalculatedField CalculatedFieldID="2">
<CalculatedFieldName>TIME_IN_SECONDS_SINCE_STARTED</CalculatedFieldName>
<CalcExpression>DATEDIFF(SQL_TSI_SECOND,{PROCESS_START_TIME},NOW())</CalcExpression>
<CalculatedExpr>
<Function>
<FunctionName>DATEDIFF</FunctionName>
<FunctionArguments>
<Value bParameter="false">SQL_TSI_SECOND</Value>
<Value bParameter="false">PROCESS_START_TIME</Value>
<Function>
<FunctionName>NOW</FunctionName>
<FunctionArguments/>
</Function>
</FunctionArguments>
</Function>
</CalculatedExpr>
</CalculatedField>
</CalculatedFields>
<RecordFields>
<RecordField fieldID="0" order="0" fieldRefID="1" datasetField="COMPOSITE_DEFINITION_ID" dataType="INTEGER" datasetFieldAlias="Composite Defintion ID"/>
<RecordField fieldID="1" order="1" fieldRefID="2" datasetField="PROCESS_DEFINITION_ID" dataType="INTEGER" datasetFieldAlias="Process Definition ID"/>
<RecordField fieldID="2" order="2" fieldRefID="3" datasetField="COMPONENT_INSTANCE_ID" dataType="STRING" datasetFieldAlias="Component Instance ID"/>
<RecordField fieldID="3" order="3" fieldRefID="4" datasetField="COMPOSITE_INSTANCE_ID" dataType="STRING" datasetFieldAlias="Composite Instance ID"/>
<RecordField fieldID="4" order="4" fieldRefID="5" datasetField="PROCESS_FAULT_TYPE" dataType="STRING" datasetFieldAlias="Fault Type"/>
<RecordField fieldID="5" order="5" fieldRefID="6" datasetField="PROCESS_START_TIME" dataType="DATETIME" datasetFieldAlias="Process Start Time"/>
<RecordField fieldID="6" order="6" fieldRefID="7" datasetField="PROCESS_END_TIME" dataType="DATETIME" datasetFieldAlias="Process End Time"/>
<RecordField fieldID="7" order="7" fieldRefID="8" datasetField="PROCESS_LASTUPDATED_TIME" dataType="DATETIME" datasetFieldAlias="Last Updated Time"/>
<RecordField fieldID="8" order="8" fieldRefID="9" datasetField="PROCESS_RUNNING_TIME" dataType="INTEGER" datasetFieldAlias="Process Running Time (millisecs)"/>
<RecordField fieldID="9" order="9" fieldRefID="10" datasetField="PROCESS_SUSPEND_TIME" dataType="INTEGER" datasetFieldAlias="Process Suspend Time (millisecs)"/>
<RecordField fieldID="10" order="10" fieldRefID="11" datasetField="PROCESS_INSTANCE_STATUS" dataType="STRING" datasetFieldAlias="Process Instance Status"/>
<RecordField fieldID="11" order="11" fieldRefID="12" datasetField="ECID" dataType="STRING" datasetFieldAlias="ECID"/>
<RecordField fieldID="12" order="12" fieldRefID="13" datasetField="CASEID" dataType="STRING" datasetFieldAlias="Case ID"/>
<RecordField fieldID="13" order="13" fieldRefID="14" datasetField="TENANT_ID" dataType="INTEGER" datasetFieldAlias="Tenant ID"/>
<RecordField fieldID="14" order="14" fieldRefID="15" datasetField="FLOW_ID" dataType="INTEGER" datasetFieldAlias="SCA Flow ID"/>
<RecordField fieldID="15" order="15" fieldRefID="16" datasetField="PROCESS_INSTANCE_TITLE" dataType="STRING" datasetFieldAlias="Process Instance Title"/>
<RecordField fieldID="16" order="16" fieldRefID="17" datasetField="CASE_DEFINITION_ID" dataType="INTEGER" datasetFieldAlias="Case Definition ID"/>
<RecordField fieldID="17" order="17" fieldRefID="18" datasetField="PROCESS_DUE_TIME" dataType="DATETIME" datasetFieldAlias="Process Due Time"/>
<RecordField fieldID="18" order="18" fieldRefID="19" datasetField="PROCESS_EXPIRATION_TIME" dataType="DATETIME" datasetFieldAlias="Process Expiration Time"/>
<RecordField fieldID="19" order="19" fieldRefID="20" datasetField="PROCESS_ESTIMATED_TIME" dataType="DATETIME" datasetFieldAlias="Process Estimated Time"/>
<RecordField fieldID="20" order="20" fieldRefID="21" datasetField="B_REQUIREDLEVEL" dataType="DECIMAL" datasetFieldAlias="RequiredLevel BI"/>
<RecordField fieldID="21" order="21" fieldRefID="22" datasetField="R_REQUIREDLEVEL" dataType="STRING" datasetFieldAlias="RequiredLevel BI Range"/>
<RecordField fieldID="22" order="22" fieldRefID="23" datasetField="COMPOSITE_DOMAIN_NAME" dataType="STRING" datasetFieldAlias="Composite Domain Name"/>
<RecordField fieldID="23" order="23" fieldRefID="24" datasetField="COMPOSITE_NAME" dataType="STRING" datasetFieldAlias="Composite Name"/>
<RecordField fieldID="24" order="24" fieldRefID="25" datasetField="COMPOSITE_REVISION" dataType="STRING" datasetFieldAlias="Composite Revision"/>
<RecordField fieldID="25" order="25" fieldRefID="26" datasetField="COMPOSITE_SCALABEL" dataType="STRING" datasetFieldAlias="Composite SCA Label"/>
<RecordField fieldID="26" order="26" fieldRefID="27" datasetField="COMPOSITE_DN" dataType="STRING" datasetFieldAlias="Composite DN"/>
<RecordField fieldID="27" order="27" fieldRefID="28" datasetField="COMPOSITE_BACVERSION" dataType="STRING" datasetFieldAlias="Composite BAC Version"/>
<RecordField fieldID="28" order="28" fieldRefID="29" datasetField="COMPOSITE_DEPLOY_STATUS" dataType="STRING" datasetFieldAlias="Composite Deployment Status"/>
<RecordField fieldID="29" order="29" fieldRefID="30" datasetField="COMPOSITE_DEPLOYDATE" dataType="DATETIME" datasetFieldAlias="Composite Deploy Date"/>
<RecordField fieldID="30" order="30" fieldRefID="31" datasetField="COMPOSITE_UNDEPLOYDATE" dataType="DATETIME" datasetFieldAlias="Composite Undeploy Date"/>
<RecordField fieldID="31" order="31" fieldRefID="32" datasetField="COMPOSITE_LASTUPDATED" dataType="DATETIME" datasetFieldAlias="Composite Lastupdated Date"/>
<RecordField fieldID="32" order="32" fieldRefID="33" datasetField="ANALYTICS_VIEWER_ROLE" dataType="STRING" datasetFieldAlias="Analytics Viewer Role"/>
<RecordField fieldID="33" order="33" fieldRefID="34" datasetField="ANALYTICS_VIEW_IDENTIFIER" dataType="STRING" datasetFieldAlias="Analytics View Identifier"/>
<RecordField fieldID="34" order="34" fieldRefID="35" datasetField="PROCESS_NAME" dataType="STRING" datasetFieldAlias="Process Name"/>
<RecordField fieldID="35" order="35" fieldRefID="36" datasetField="PROCESS_LABEL" dataType="STRING" datasetFieldAlias="Process Display Name"/>
<RecordField fieldID="36" order="36" fieldRefID="37" datasetField="PROCESS_TYPE" dataType="STRING" datasetFieldAlias="Process Type"/>
<RecordField fieldID="37" order="37" fieldRefID="38" datasetField="PROCESS_DEPLOYMENT_STATUS" dataType="INTEGER" datasetFieldAlias="Process Deployment Status"/>
<RecordField fieldID="38" order="38" fieldRefID="39" datasetField="PROCESS_MIGRATION_STATUS" dataType="STRING" datasetFieldAlias="Process Migration Status"/>
<RecordField fieldID="39" order="39" fieldRefID="40" datasetField="ORGUNITID" dataType="STRING" datasetFieldAlias="Organization Unit ID"/>
<RecordField fieldID="40" order="40" fieldRefID="41" datasetField="PROCESS_DEPLOYDATE" dataType="DATETIME" datasetFieldAlias="Process Deploy Date"/>
<RecordField fieldID="41" order="41" fieldRefID="42" datasetField="PROCESS_UNDEPLOYDATE" dataType="DATETIME" datasetFieldAlias="Process Undeploy Date"/>
<RecordField fieldID="42" order="42" fieldRefID="43" datasetField="PROCESS_DEFN_LASTUPDATED" dataType="DATETIME" datasetFieldAlias="Process Definition Last Updated Date"/>
<RecordField fieldID="43" order="43" fieldRefID="44" datasetField="PROCESS_OWNER_ROLE" dataType="STRING" datasetFieldAlias="Process Owner Role"/>
<RecordField fieldID="44" order="44" fieldRefID="45" datasetField="PROCESS_REVIEWER_ROLE" dataType="STRING" datasetFieldAlias="Process Reviewer Role"/>
<RecordField fieldID="45" order="45" fieldRefID="46" datasetField="PROCESS_ISPRIMARY" dataType="STRING" datasetFieldAlias="Is Primary Process"/>
<RecordField fieldID="46" order="46" fieldRefID="47" datasetField="B_REQUESTINGORGANIZATION" dataType="STRING" datasetFieldAlias="requestingOrganization BI"/>
<RecordField fieldID="47" order="47" fieldRefID="48" datasetField="B_REQUESTEDSECURITYLEVEL" dataType="DECIMAL" datasetFieldAlias="RequestedSecurityLevel BI"/>
<RecordField fieldID="48" order="48" fieldRefID="49" datasetField="R_REQUESTEDSECURITYLEVEL" dataType="STRING" datasetFieldAlias="RequestedSecurityLevel BI Range"/>
<RecordField fieldID="49" order="49" fieldRefID="50" datasetField="B_REQUIREDSECURITYLEVEL" dataType="DECIMAL" datasetFieldAlias="RequiredSecurityLevel BI"/>
<RecordField fieldID="50" order="50" fieldRefID="51" datasetField="S_REQUIREDSECURITYLEVEL" dataType="DECIMAL" datasetFieldAlias="RequiredSecurityLevel BI Start Value"/>
<RecordField fieldID="51" order="51" fieldRefID="52" datasetField="DATAOBJECT_CREATED" dataType="DATETIME" datasetFieldAlias="DATAOBJECT_CREATED"/>
<RecordField fieldID="52" order="52" fieldRefID="53" datasetField="DATAOBJECT_MODIFIED" dataType="DATETIME" datasetFieldAlias="DATAOBJECT_MODIFIED"/>
</RecordFields>
<Groups collapsed="true"/>
<Filter>
<Branch name="Root" type="ALL">
<Branch type="ALL">
<Entry type="NOTNULL">
<Node type="COLUMN">B_REQUESTEDSECURITYLEVEL</Node>
<Node type="NULL"/>
</Entry>
<Entry type="LIKE">
<Node type="COLUMN">PROCESS_START_TIME</Node>
<Node type="PARAMETER" isDateTimeLike="true">InTeRnAlNaMeQuery__1416847992731_DeTaIlEd_PROCESS_START_TIME</Node>
</Entry>
<Entry type="EQ">
<Node type="COLUMN">B_REQUESTEDSECURITYLEVEL</Node>
<Node type="PARAMETER" isDateTimeLike="false">InTeRnAlNaMeQuery__1416847992731_DeTaIlEd_B_REQUESTEDSECURITYLEVEL</Node>
</Entry>
</Branch>
<Branch name="runtimeFilter" type="ALL"/>
</Branch>
</Filter>
<GroupFilter>
<Branch name="groupFilter" type="ALL"/>
</GroupFilter>
<Sorts/>
<Parameters>
<Parameter name="InTeRnAlNaMeQuery__1416847992731_DeTaIlEd_PROCESS_START_TIME" dataType="DATETIME">
<Value>
<Item special="false"/>
</Value>
<DefaultValue>
<Item special="true">ALL</Item>
</DefaultValue>
<DisplayName>InTeRnAlNaMeQuery__1416847992731_DeTaIlEd_PROCESS_START_TIME</DisplayName>
<Description/>
</Parameter>
<Parameter name="InTeRnAlNaMeQuery__1416847992731_DeTaIlEd_B_REQUESTEDSECURITYLEVEL" dataType="DECIMAL">
<Value>
<Item special="false"/>
</Value>
<DefaultValue>
<Item special="true">ALL</Item>
</DefaultValue>
<DisplayName>InTeRnAlNaMeQuery__1416847992731_DeTaIlEd_B_REQUESTEDSECURITYLEVEL</DisplayName>
<Description/>
</Parameter>
</Parameters>
</Modifier>
<InsertNewRecordPosition>INSERT_AFTER</InsertNewRecordPosition>
<AuthenticationType>USE_BAM_CONNECTION_CREDENTIAL</AuthenticationType>
</Modifiers>
</BeamDataControl>
</Source>
</AdapterDataControl>
</mds:insert>
</mds:customization>