<?xml version = '1.0' encoding = 'UTF-8'?>
<ns0:simpleDataObject xmlns:ns0="http://xmlns.oracle.com/bam/bam12">
<name>ORACLE_PROCESSANALYTICS_COMPOSITE_DEFINITION</name>
<id>/dataobject/ORACLE_PROCESSANALYTICS_COMPOSITE_DEFINITION</id>
<displayName>/oracle/processanalytics/internal/physical/Composite Definition (physical)</displayName>
<internal>false</internal>
<systemManaged>false</systemManaged>
<createdDate>2014-11-21T21:51:45.434+01:00</createdDate>
<modifiedDate>2014-11-21T21:51:45.434+01:00</modifiedDate>
<createdBy>OracleSystemUser</createdBy>
<modifiedBy>OracleSystemUser</modifiedBy>
<alias>BPM_PV_COMPOSITE_DEFINITION_V</alias>
<flexTableConfigured>true</flexTableConfigured>
<category>PROCESS</category>
<calculatedFields/>
<timeHierarchies/>
<cqType>RELATION</cqType>
<cqArchived>true</cqArchived>
<cqSource>jms:topic/oracle.beam.server.event.dataobject</cqSource>
<cqStampType>SYSTEM</cqStampType>
<slowChangingDimension>true</slowChangingDimension>
<physicalName>BEAM_VIEW_5</physicalName>
<eventId>BEAM_ID</eventId>
<replayAmount>0</replayAmount>
<hidden>false</hidden>
<columns>
<column>
<name>BEAM_ID</name>
<id>0c3163e023b44ca7a01e80ef2777beca</id>
<displayName>BEAM_ID</displayName>
<internal>false</internal>
<systemManaged>false</systemManaged>
<length>2000</length>
<nullable>true</nullable>
<unique>false</unique>
<precision>38</precision>
<scale>10</scale>
<dataType>INT</dataType>
<columnType>ATTRIBUTE</columnType>
<hidden>false</hidden>
<editable>false</editable>
</column>
<column>
<name>DATAOBJECT_CREATED</name>
<id>3e28dd6bbeb148ecbbc65f5704b83bca</id>
<displayName>DATAOBJECT_CREATED</displayName>
<internal>false</internal>
<systemManaged>false</systemManaged>
<length>2000</length>
<nullable>true</nullable>
<unique>false</unique>
<precision>38</precision>
<scale>10</scale>
<dataType>DATETIME</dataType>
<columnType>ATTRIBUTE</columnType>
<hidden>false</hidden>
<editable>false</editable>
</column>
<column>
<name>DATAOBJECT_MODIFIED</name>
<id>b5ca82f43af24e60b19197eddd1faf51</id>
<displayName>DATAOBJECT_MODIFIED</displayName>
<internal>false</internal>
<systemManaged>false</systemManaged>
<length>2000</length>
<nullable>true</nullable>
<unique>false</unique>
<precision>38</precision>
<scale>10</scale>
<dataType>DATETIME</dataType>
<columnType>ATTRIBUTE</columnType>
<hidden>false</hidden>
<editable>false</editable>
</column>
<column>
<name>COMPOSITE_DOMAIN_NAME</name>
<id>58952ced21c1418995e04d316ded30de</id>
<displayName>Composite Domain Name</displayName>
<internal>false</internal>
<systemManaged>false</systemManaged>
<length>100</length>
<nullable>false</nullable>
<unique>false</unique>
<precision>38</precision>
<scale>10</scale>
<dataType>VARCHAR</dataType>
<columnType>DIMENSION</columnType>
<hidden>false</hidden>
<editable>false</editable>
</column>
<column>
<name>COMPOSITE_NAME</name>
<id>e62c836cdcea4698af1ebf937233d58d</id>
<displayName>Composite Name</displayName>
<internal>false</internal>
<systemManaged>false</systemManaged>
<length>100</length>
<nullable>false</nullable>
<unique>false</unique>
<precision>38</precision>
<scale>10</scale>
<dataType>VARCHAR</dataType>
<columnType>DIMENSION</columnType>
<hidden>false</hidden>
<editable>false</editable>
</column>
<column>
<name>COMPOSITE_REVISION</name>
<id>e605132064664cfd8c3ce79d54b00742</id>
<displayName>Composite Revision</displayName>
<internal>false</internal>
<systemManaged>false</systemManaged>
<length>50</length>
<nullable>false</nullable>
<unique>false</unique>
<precision>38</precision>
<scale>10</scale>
<dataType>VARCHAR</dataType>
<columnType>DIMENSION</columnType>
<hidden>false</hidden>
<editable>false</editable>
</column>
<column>
<name>COMPOSITE_SCALABEL</name>
<id>7ee415a260134c1381d7d6569c5faac3</id>
<displayName>Composite SCA Label</displayName>
<internal>false</internal>
<systemManaged>false</systemManaged>
<length>100</length>
<nullable>false</nullable>
<unique>false</unique>
<precision>38</precision>
<scale>10</scale>
<dataType>VARCHAR</dataType>
<columnType>DIMENSION</columnType>
<hidden>false</hidden>
<editable>false</editable>
</column>
<column>
<name>COMPOSITE_DN</name>
<id>e1c407ecc75943c88612caeb3a786d6b</id>
<displayName>Composite DN</displayName>
<internal>false</internal>
<systemManaged>false</systemManaged>
<length>500</length>
<nullable>false</nullable>
<unique>false</unique>
<precision>38</precision>
<scale>10</scale>
<dataType>VARCHAR</dataType>
<columnType>ATTRIBUTE</columnType>
<hidden>false</hidden>
<editable>false</editable>
</column>
<column>
<name>COMPOSITE_BACVERSION</name>
<id>568b52224f9741b2909148078a0a31d6</id>
<displayName>Composite BAC Version</displayName>
<internal>false</internal>
<systemManaged>false</systemManaged>
<length>50</length>
<nullable>true</nullable>
<unique>false</unique>
<precision>38</precision>
<scale>10</scale>
<dataType>VARCHAR</dataType>
<columnType>ATTRIBUTE</columnType>
<hidden>false</hidden>
<editable>false</editable>
</column>
<column>
<name>COMPOSITE_DEPLOY_STATUS</name>
<id>a2332416029a4a85ab1ff44e2cd5250c</id>
<displayName>Composite Deployment Status</displayName>
<internal>false</internal>
<systemManaged>false</systemManaged>
<length>100</length>
<nullable>false</nullable>
<unique>false</unique>
<precision>38</precision>
<scale>10</scale>
<dataType>VARCHAR</dataType>
<columnType>ATTRIBUTE</columnType>
<hidden>false</hidden>
<editable>false</editable>
</column>
<column>
<name>COMPOSITE_DEPLOYDATE</name>
<id>fc1a196fa4a3437aa93bfe3340113c06</id>
<displayName>Composite Deploy Date</displayName>
<internal>false</internal>
<systemManaged>false</systemManaged>
<length>2000</length>
<nullable>false</nullable>
<unique>false</unique>
<precision>38</precision>
<scale>10</scale>
<dataType>DATETIME</dataType>
<columnType>ATTRIBUTE</columnType>
<hidden>false</hidden>
<editable>false</editable>
</column>
<column>
<name>COMPOSITE_UNDEPLOYDATE</name>
<id>7b9ae4118e55419d83ceb173d1881979</id>
<displayName>Composite Undeploy Date</displayName>
<internal>false</internal>
<systemManaged>false</systemManaged>
<length>2000</length>
<nullable>true</nullable>
<unique>false</unique>
<precision>38</precision>
<scale>10</scale>
<dataType>DATETIME</dataType>
<columnType>ATTRIBUTE</columnType>
<hidden>false</hidden>
<editable>false</editable>
</column>
<column>
<name>COMPOSITE_LASTUPDATED</name>
<id>24a10104bb4440d094930249d7b0e390</id>
<displayName>Composite Lastupdated Date</displayName>
<internal>false</internal>
<systemManaged>false</systemManaged>
<length>2000</length>
<nullable>false</nullable>
<unique>false</unique>
<precision>38</precision>
<scale>10</scale>
<dataType>DATETIME</dataType>
<columnType>ATTRIBUTE</columnType>
<hidden>false</hidden>
<editable>false</editable>
</column>
<column>
<name>ANALYTICS_VIEWER_ROLE</name>
<id>8302125986ce47b0b1547d262f002a7c</id>
<displayName>Analytics Viewer Role</displayName>
<internal>false</internal>
<systemManaged>false</systemManaged>
<length>256</length>
<nullable>true</nullable>
<unique>false</unique>
<precision>38</precision>
<scale>10</scale>
<dataType>VARCHAR</dataType>
<columnType>ATTRIBUTE</columnType>
<hidden>false</hidden>
<editable>false</editable>
</column>
<column>
<name>COMPOSITEDEF_SYS_STR01</name>
<id>cdc61175875f4cf2a401839605c2fc15</id>
<displayName>Composite Definition System String 01</displayName>
<internal>false</internal>
<systemManaged>false</systemManaged>
<length>256</length>
<nullable>true</nullable>
<unique>false</unique>
<precision>38</precision>
<scale>10</scale>
<dataType>VARCHAR</dataType>
<columnType>ATTRIBUTE</columnType>
<hidden>false</hidden>
<editable>false</editable>
</column>
<column>
<name>COMPOSITEDEF_SYS_STR02</name>
<id>3387022e15464312a16ab369a2645a27</id>
<displayName>Composite Definition System String 02</displayName>
<internal>false</internal>
<systemManaged>false</systemManaged>
<length>256</length>
<nullable>true</nullable>
<unique>false</unique>
<precision>38</precision>
<scale>10</scale>
<dataType>VARCHAR</dataType>
<columnType>ATTRIBUTE</columnType>
<hidden>false</hidden>
<editable>false</editable>
</column>
<column>
<name>COMPOSITEDEF_SYS_STR03</name>
<id>31860547b8a14aea8ce4ab999befcb04</id>
<displayName>Composite Definition System String 03</displayName>
<internal>false</internal>
<systemManaged>false</systemManaged>
<length>256</length>
<nullable>true</nullable>
<unique>false</unique>
<precision>38</precision>
<scale>10</scale>
<dataType>VARCHAR</dataType>
<columnType>ATTRIBUTE</columnType>
<hidden>false</hidden>
<editable>false</editable>
</column>
<column>
<name>ANALYTICS_VIEW_IDENTIFIER</name>
<id>2be3aad83fa142e0adb4f2aaacb4f660</id>
<displayName>Analytics View Identifier</displayName>
<internal>false</internal>
<systemManaged>false</systemManaged>
<length>256</length>
<nullable>true</nullable>
<unique>false</unique>
<precision>38</precision>
<scale>10</scale>
<dataType>VARCHAR</dataType>
<columnType>ATTRIBUTE</columnType>
<hidden>false</hidden>
<editable>false</editable>
</column>
</columns>
<indexes>
<index>
<name>BPM_ORA_PA_COMPDEF_IDX_1</name>
<id>d9610fb53575490ea4ebe68e0a88d6e7</id>
<internal>false</internal>
<systemManaged>false</systemManaged>
<unique>false</unique>
<columns>
<columnRef>
<dataObject>ORACLE_PROCESSANALYTICS_COMPOSITE_DEFINITION</dataObject>
<column>COMPOSITE_DOMAIN_NAME</column>
</columnRef>
</columns>
</index>
<index>
<name>BPM_ORA_PA_COMPDEF_IDX_2</name>
<id>343dd8db485940b489338b3e3dc61a51</id>
<internal>false</internal>
<systemManaged>false</systemManaged>
<unique>false</unique>
<columns>
<columnRef>
<dataObject>ORACLE_PROCESSANALYTICS_COMPOSITE_DEFINITION</dataObject>
<column>COMPOSITE_NAME</column>
</columnRef>
</columns>
</index>
<index>
<name>BPM_ORA_PA_COMPDEF_IDX_3</name>
<id>ca22a0a2abce44fe87b76faf07064efd</id>
<internal>false</internal>
<systemManaged>false</systemManaged>
<unique>false</unique>
<columns>
<columnRef>
<dataObject>ORACLE_PROCESSANALYTICS_COMPOSITE_DEFINITION</dataObject>
<column>COMPOSITE_REVISION</column>
</columnRef>
</columns>
</index>
<index>
<name>BPM_ORA_PA_COMPDEF_IDX_4</name>
<id>adf209fb54c74a5699d567d4ce677b5d</id>
<internal>false</internal>
<systemManaged>false</systemManaged>
<unique>false</unique>
<columns>
<columnRef>
<dataObject>ORACLE_PROCESSANALYTICS_COMPOSITE_DEFINITION</dataObject>
<column>COMPOSITE_SCALABEL</column>
</columnRef>
</columns>
</index>
<index>
<name>BPM_ORA_PA_COMPDEF_IDX_5</name>
<id>8c717922291447e38d4a2bcdc3e217cf</id>
<internal>false</internal>
<systemManaged>false</systemManaged>
<unique>false</unique>
<columns>
<columnRef>
<dataObject>ORACLE_PROCESSANALYTICS_COMPOSITE_DEFINITION</dataObject>
<column>COMPOSITE_DN</column>
</columnRef>
</columns>
</index>
<index>
<name>BPM_ORA_PA_COMPDEF_IDX_6</name>
<id>2dce9eb5065a473aab34e0d5baab18b2</id>
<internal>false</internal>
<systemManaged>false</systemManaged>
<unique>false</unique>
<columns>
<columnRef>
<dataObject>ORACLE_PROCESSANALYTICS_COMPOSITE_DEFINITION</dataObject>
<column>COMPOSITE_BACVERSION</column>
</columnRef>
</columns>
</index>
<index>
<name>BPM_ORA_PA_COMPDEF_IDX_7</name>
<id>53ebd03e90c442038e37683449d2d86e</id>
<internal>false</internal>
<systemManaged>false</systemManaged>
<unique>false</unique>
<columns>
<columnRef>
<dataObject>ORACLE_PROCESSANALYTICS_COMPOSITE_DEFINITION</dataObject>
<column>COMPOSITE_DEPLOY_STATUS</column>
</columnRef>
</columns>
</index>
<index>
<name>BPM_ORA_PA_COMPDEF_IDX_8</name>
<id>6536557daa104f13b71b8f59f3490884</id>
<internal>false</internal>
<systemManaged>false</systemManaged>
<unique>false</unique>
<columns>
<columnRef>
<dataObject>ORACLE_PROCESSANALYTICS_COMPOSITE_DEFINITION</dataObject>
<column>ANALYTICS_VIEWER_ROLE</column>
</columnRef>
</columns>
</index>
</indexes>
<hierarchies/>
<flexLimitation>
<totalDecimals>10</totalDecimals>
<totalStrings>20</totalStrings>
<totalIntegers>10</totalIntegers>
<totalFloats>25</totalFloats>
<totalDates>10</totalDates>
<totalLongStrings>3</totalLongStrings>
</flexLimitation>
</ns0:simpleDataObject>