<?xml version = '1.0' encoding = 'UTF-8'?>
<ns0:businessQuery xmlns:ns0="http://xmlns.oracle.com/bam/bam12">
<name>AccreditationRequestsPerDayPerSecurityLevel</name>
<id>/project/AirportAccreditationsDashboard/businessquery/AccreditationRequestsPerDayPerSecurityLevel</id>
<displayName>AccreditationRequestsPerDayPerSecurityLevel</displayName>
<internal>false</internal>
<systemManaged>false</systemManaged>
<createdDate>2014-11-24T07:38:18.661+01:00</createdDate>
<modifiedDate>2014-11-24T17:53:54.422+01:00</modifiedDate>
<createdBy>weblogic</createdBy>
<modifiedBy>weblogic</modifiedBy>
<type>GROUP</type>
<projectName>AirportAccreditationsDashboard</projectName>
<dataObjectName>ORACLE_PROCESSANALYTICS_AIRPORTACCREDITATIONSERVICE_BPM_PROCESS</dataObjectName>
<dataSeries>
<series>COUNT(*)</series>
</dataSeries>
<labelSeries>
<legend>B_REQUESTEDSECURITYLEVEL</legend>
</labelSeries>
<groups>
<group>PROCESS_START_TIME</group>
</groups>
<timeGroupings>
<entries>
<entry>
<key xmlns:xsd="http://www.w3.org/2001/XMLSchema" xmlns:xsi="http://www.w3.org/2001/XMLSchema-instance" xsi:type="xsd:string">PROCESS_START_TIME</key>
<value xmlns:xsi="http://www.w3.org/2001/XMLSchema-instance" xsi:type="ns0:timeGrouping">
<column>
<dataObject>ORACLE_PROCESSANALYTICS_AIRPORTACCREDITATIONSERVICE_BPM_PROCESS</dataObject>
<column>PROCESS_START_TIME</column>
</column>
<mode>SERIES</mode>
<continuous>false</continuous>
<units>YEAR</units>
<unit>DAYOFMONTH</unit>
<quantity>1</quantity>
</value>
</entry>
</entries>
</timeGroupings>
<calculatedFields/>
<runtimeFilter>
<name>runtimeFilter</name>
<type>ALL</type>
<branches/>
<entries/>
<none>false</none>
</runtimeFilter>
<internalFilter>
<name>internalFilter</name>
<type>ALL</type>
<branches/>
<entries>
<entry>
<column>B_REQUESTEDSECURITYLEVEL</column>
<lhsColumn>
<name>B_REQUESTEDSECURITYLEVEL</name>
<displayName>RequestedSecurityLevel BI</displayName>
</lhsColumn>
<operator>NOTNULL</operator>
<rhsValue/>
<isDateTimeLike>false</isDateTimeLike>
<dateCompareMode>DATETIME</dateCompareMode>
</entry>
</entries>
<none>false</none>
</internalFilter>
<groupFilter>
<name>groupFilter</name>
<type>ALL</type>
<branches/>
<entries/>
<none>false</none>
</groupFilter>
<topN>3</topN>
<topNEnabled>false</topNEnabled>
<sorts>
<entries/>
</sorts>
</ns0:businessQuery>