<?xml version = '1.0' encoding = 'UTF-8'?>
<ns0:tacticalKPI xmlns:ns0="http://xmlns.oracle.com/bam/bam12">
<name>RecentAccreditationRequestsKPI</name>
<id>/project/AirportAccreditationsDashboard/kpi/RecentAccreditationRequestsKPI</id>
<displayName>RecentAccreditationRequestsKPI</displayName>
<internal>false</internal>
<systemManaged>false</systemManaged>
<createdDate>2014-11-24T18:36:18.003+01:00</createdDate>
<modifiedDate>2014-11-24T19:35:14.682+01:00</modifiedDate>
<createdBy>weblogic</createdBy>
<modifiedBy>weblogic</modifiedBy>
<measureDataObject type="dataObjectRef">ORACLE_PROCESSANALYTICS_AIRPORTACCREDITATIONSERVICE_BPM_PROCESS</measureDataObject>
<aggregateFunction>COUNT</aggregateFunction>
<measureColumn>*</measureColumn>
<measureDescription>The number of new Accreditation Requests in the last hour</measureDescription>
<threshold xmlns:xsi="http://www.w3.org/2001/XMLSchema-instance" xsi:type="ns0:constantThreshold">
<description>We are equipped to handle up to six requests per hour. We get a little nervous at 5 </description>
<lowRange xsi:type="ns0:constantRange">
<type>LOW</type>
<increment>1.0</increment>
<min>0.0</min>
<max>5.0</max>
<value>6</value>
<lowerBound>0</lowerBound>
<upperBound>5</upperBound>
</lowRange>
<mediumRange xsi:type="ns0:constantRange">
<type>MEDIUM</type>
<increment>1.0</increment>
<min>5.0</min>
<max>7.0</max>
<alert>
<itemType>Alert</itemType>
<projectName>AirportAccreditationsDashboard</projectName>
<itemName>RecentAccreditationRequestsKPI_MEDIUM_Alert</itemName>
</alert>
<value>6</value>
<lowerBound>5</lowerBound>
<upperBound>7</upperBound>
</mediumRange>
<highRange xsi:type="ns0:constantRange">
<type>HIGH</type>
<increment>1.0</increment>
<min>7.0</min>
<max>20.0</max>
<alert>
<itemType>Alert</itemType>
<projectName>AirportAccreditationsDashboard</projectName>
<itemName>RecentAccreditationRequestsKPI_HIGH_Alert</itemName>
</alert>
<value>6</value>
<lowerBound>7</lowerBound>
<upperBound>20</upperBound>
</highRange>
<value>6</value>
</threshold>
<lastSavedOnDate>2014-11-24T19:35:14.603+01:00</lastSavedOnDate>
<businessQuery>
<itemType>BusinessQuery</itemType>
<projectName>AirportAccreditationsDashboard</projectName>
<itemName>AccreditationRequestsInLastHour</itemName>
</businessQuery>
<refreshSchedule>
<scheduleOption>MINUTE</scheduleOption>
<refreshDate>1416850560000</refreshDate>
</refreshSchedule>
</ns0:tacticalKPI>