<?xml version = '1.0' encoding = 'UTF-8'?>
<ns0:derivedDataObject xmlns:ns0="http://xmlns.oracle.com/bam/bam12">
<name>ORACLE_PROCESSANALYTICS_AIRPORTACCREDITATIONSERVICE_ACTIVITY</name>
<id>/dataobject/ORACLE_PROCESSANALYTICS_AIRPORTACCREDITATIONSERVICE_ACTIVITY</id>
<displayName>oracle/processanalytics/internal/physical/AirportAccreditationService Activity (physical)</displayName>
<internal>false</internal>
<systemManaged>false</systemManaged>
<createdDate>2014-11-21T22:17:59.609+01:00</createdDate>
<modifiedDate>2014-11-25T19:46:01.691+01:00</modifiedDate>
<createdBy>OracleSystemUser</createdBy>
<modifiedBy>OracleSystemUser</modifiedBy>
<flexTableConfigured>false</flexTableConfigured>
<category>PROCESS</category>
<calculatedFields/>
<cqType>RELATION</cqType>
<cqArchived>true</cqArchived>
<cqSource>jms:topic/oracle.beam.server.event.dataobject</cqSource>
<cqStampType>SYSTEM</cqStampType>
<slowChangingDimension>false</slowChangingDimension>
<physicalName>BEAM_VIEW_40</physicalName>
<eventId>BEAM_ID</eventId>
<replayAmount>0</replayAmount>
<hidden>false</hidden>
<columns>
<column>
<name>B_ACCREDITATIONREQUESTCOUNTER</name>
<id>0dd6021dacd64e11b527cad91c5c6eee</id>
<displayName>AccreditationRequestCounter BI</displayName>
<internal>false</internal>
<systemManaged>false</systemManaged>
<length>100</length>
<nullable>true</nullable>
<unique>false</unique>
<customProperty>COUNTER</customProperty>
<precision>38</precision>
<scale>10</scale>
<dataType>DECIMAL</dataType>
<columnType>MEASURE</columnType>
<hidden>false</hidden>
<editable>true</editable>
</column>
<column>
<name>B_REQUIREDLEVEL</name>
<id>5303b53b245a49799de9782189e986b9</id>
<displayName>RequiredLevel BI</displayName>
<internal>false</internal>
<systemManaged>false</systemManaged>
<length>100</length>
<nullable>true</nullable>
<unique>false</unique>
<customProperty>DIMENSION</customProperty>
<precision>38</precision>
<scale>10</scale>
<dataType>DECIMAL</dataType>
<columnType>DIMENSION</columnType>
<hidden>false</hidden>
<editable>true</editable>
</column>
<column>
<name>R_REQUIREDLEVEL</name>
<id>cec10c6bd2284cf0b3ca0b4ed8583dad</id>
<displayName>RequiredLevel BI Range</displayName>
<internal>false</internal>
<systemManaged>false</systemManaged>
<length>256</length>
<nullable>true</nullable>
<unique>false</unique>
<precision>38</precision>
<scale>10</scale>
<dataType>VARCHAR</dataType>
<columnType>DIMENSION</columnType>
<hidden>false</hidden>
<editable>true</editable>
</column>
<column>
<name>B_SECURITYCHECKSCOUNTER</name>
<id>ec0fdab996d141fb9bbef715e0843872</id>
<displayName>SecurityChecksCounter BI</displayName>
<internal>false</internal>
<systemManaged>false</systemManaged>
<length>100</length>
<nullable>true</nullable>
<unique>false</unique>
<customProperty>COUNTER</customProperty>
<precision>38</precision>
<scale>10</scale>
<dataType>DECIMAL</dataType>
<columnType>MEASURE</columnType>
<hidden>false</hidden>
<editable>true</editable>
</column>
<column>
<name>B_REQUESTINGORGANIZATION</name>
<id>d92a05ffde7649448843f0551f224e8c</id>
<displayName>requestingOrganization BI</displayName>
<internal>false</internal>
<systemManaged>false</systemManaged>
<length>256</length>
<nullable>true</nullable>
<unique>false</unique>
<customProperty>DIMENSION</customProperty>
<precision>38</precision>
<scale>10</scale>
<dataType>VARCHAR</dataType>
<columnType>DIMENSION</columnType>
<hidden>false</hidden>
<editable>true</editable>
</column>
<column>
<name>B_UNKNOWNREQUESTORCOUNTER</name>
<id>3bab011c70a54ceaa2c2b5afc2cc4e97</id>
<displayName>UnknownRequestorCounter BI</displayName>
<internal>false</internal>
<systemManaged>false</systemManaged>
<length>100</length>
<nullable>true</nullable>
<unique>false</unique>
<customProperty>COUNTER</customProperty>
<precision>38</precision>
<scale>10</scale>
<dataType>DECIMAL</dataType>
<columnType>MEASURE</columnType>
<hidden>false</hidden>
<editable>true</editable>
</column>
<column>
<name>B_REQUESTEDSECURITYLEVEL</name>
<id>4270bca681344264add406296a761cd0</id>
<displayName>RequestedSecurityLevel BI</displayName>
<internal>false</internal>
<systemManaged>false</systemManaged>
<length>100</length>
<nullable>true</nullable>
<unique>false</unique>
<customProperty>DIMENSION</customProperty>
<precision>38</precision>
<scale>10</scale>
<dataType>DECIMAL</dataType>
<columnType>DIMENSION</columnType>
<hidden>false</hidden>
<editable>true</editable>
</column>
<column>
<name>R_REQUESTEDSECURITYLEVEL</name>
<id>368d3677b55442f094547864b635ed37</id>
<displayName>RequestedSecurityLevel BI Range</displayName>
<internal>false</internal>
<systemManaged>false</systemManaged>
<length>256</length>
<nullable>true</nullable>
<unique>false</unique>
<precision>38</precision>
<scale>10</scale>
<dataType>VARCHAR</dataType>
<columnType>DIMENSION</columnType>
<hidden>false</hidden>
<editable>true</editable>
</column>
<column>
<name>B_REQUIREDSECURITYLEVEL</name>
<id>bad89a37856a43c3bf3a75e9f6313ae1</id>
<displayName>RequiredSecurityLevel BI</displayName>
<internal>false</internal>
<systemManaged>false</systemManaged>
<length>100</length>
<nullable>true</nullable>
<unique>false</unique>
<customProperty>MEASURE</customProperty>
<precision>38</precision>
<scale>10</scale>
<dataType>DECIMAL</dataType>
<columnType>MEASURE</columnType>
<hidden>false</hidden>
<editable>true</editable>
</column>
<column>
<name>S_REQUIREDSECURITYLEVEL</name>
<id>9da18924c2954af0a80a761c3d5172ac</id>
<displayName>RequiredSecurityLevel BI Start Value</displayName>
<internal>false</internal>
<systemManaged>false</systemManaged>
<length>100</length>
<nullable>true</nullable>
<unique>false</unique>
<precision>38</precision>
<scale>10</scale>
<dataType>DECIMAL</dataType>
<columnType>MEASURE</columnType>
<hidden>false</hidden>
<editable>true</editable>
</column>
<column>
<name>B_DIMENSION1</name>
<id>1b8e5535a85d40bebd9fc5e7ac42eafe</id>
<displayName>Dimension1 BI</displayName>
<internal>false</internal>
<systemManaged>false</systemManaged>
<length>256</length>
<nullable>true</nullable>
<unique>false</unique>
<customProperty>DIMENSION</customProperty>
<precision>38</precision>
<scale>10</scale>
<dataType>VARCHAR</dataType>
<columnType>DIMENSION</columnType>
<hidden>false</hidden>
<editable>true</editable>
</column>
</columns>
<indexes/>
<hierarchies/>
<parent type="dataObjectRef">ORACLE_PROCESSANALYTICS_ACTIVITY</parent>
</ns0:derivedDataObject>