<?xml version = '1.0' encoding = 'UTF-8'?>
<ns0:simpleDataObject xmlns:ns0="http://xmlns.oracle.com/bam/bam12">
<name>ORACLE_PROCESSANALYTICS_ACTIVITY_DEFINITION</name>
<id>/dataobject/ORACLE_PROCESSANALYTICS_ACTIVITY_DEFINITION</id>
<displayName>/oracle/processanalytics/internal/physical/Activity Definition (physical)</displayName>
<internal>false</internal>
<systemManaged>false</systemManaged>
<createdDate>2014-11-21T21:51:43.472+01:00</createdDate>
<modifiedDate>2014-11-21T21:51:43.472+01:00</modifiedDate>
<createdBy>OracleSystemUser</createdBy>
<modifiedBy>OracleSystemUser</modifiedBy>
<alias> BPM_PV_ACTIVITY_DEFINITION_V</alias>
<flexTableConfigured>true</flexTableConfigured>
<category>PROCESS</category>
<calculatedFields/>
<timeHierarchies/>
<cqType>RELATION</cqType>
<cqArchived>true</cqArchived>
<cqSource>jms:topic/oracle.beam.server.event.dataobject</cqSource>
<cqStampType>SYSTEM</cqStampType>
<slowChangingDimension>true</slowChangingDimension>
<physicalName>BEAM_VIEW_4</physicalName>
<eventId>BEAM_ID</eventId>
<replayAmount>0</replayAmount>
<hidden>false</hidden>
<columns>
<column>
<name>BEAM_ID</name>
<id>2f9d377412fa4aba87eb995c9820cbd9</id>
<displayName>BEAM_ID</displayName>
<internal>false</internal>
<systemManaged>false</systemManaged>
<length>2000</length>
<nullable>true</nullable>
<unique>false</unique>
<precision>38</precision>
<scale>10</scale>
<dataType>INT</dataType>
<columnType>ATTRIBUTE</columnType>
<hidden>false</hidden>
<editable>false</editable>
</column>
<column>
<name>DATAOBJECT_CREATED</name>
<id>53bfa5cc5d7248f5a847bd9fbc9dcb9c</id>
<displayName>DATAOBJECT_CREATED</displayName>
<internal>false</internal>
<systemManaged>false</systemManaged>
<length>2000</length>
<nullable>true</nullable>
<unique>false</unique>
<precision>38</precision>
<scale>10</scale>
<dataType>DATETIME</dataType>
<columnType>ATTRIBUTE</columnType>
<hidden>false</hidden>
<editable>false</editable>
</column>
<column>
<name>DATAOBJECT_MODIFIED</name>
<id>7f97832b5fa8484bacf9a6b6c3c352f7</id>
<displayName>DATAOBJECT_MODIFIED</displayName>
<internal>false</internal>
<systemManaged>false</systemManaged>
<length>2000</length>
<nullable>true</nullable>
<unique>false</unique>
<precision>38</precision>
<scale>10</scale>
<dataType>DATETIME</dataType>
<columnType>ATTRIBUTE</columnType>
<hidden>false</hidden>
<editable>false</editable>
</column>
<column>
<name>PROCESS_DEFINITION_ID</name>
<id>dd8c80a22b8a4d1193d47277093ef626</id>
<displayName>Process Definition ID</displayName>
<internal>false</internal>
<systemManaged>false</systemManaged>
<length>2000</length>
<nullable>false</nullable>
<unique>false</unique>
<precision>38</precision>
<scale>10</scale>
<dataType>INT</dataType>
<columnType>ATTRIBUTE</columnType>
<hidden>false</hidden>
<editable>false</editable>
</column>
<column>
<name>ACTIVITY_NAME</name>
<id>02cfd612e4a0489790c8271bb85b8a0e</id>
<displayName>Activity Name</displayName>
<internal>false</internal>
<systemManaged>false</systemManaged>
<length>256</length>
<nullable>false</nullable>
<unique>false</unique>
<precision>38</precision>
<scale>10</scale>
<dataType>VARCHAR</dataType>
<columnType>DIMENSION</columnType>
<hidden>false</hidden>
<editable>false</editable>
</column>
<column>
<name>ACTIVITY_LABEL</name>
<id>31fe0c29ce4146699a280becd7f4502e</id>
<displayName>Activity Display Name</displayName>
<internal>false</internal>
<systemManaged>false</systemManaged>
<length>256</length>
<nullable>false</nullable>
<unique>false</unique>
<precision>38</precision>
<scale>10</scale>
<dataType>VARCHAR</dataType>
<columnType>DIMENSION</columnType>
<hidden>false</hidden>
<editable>false</editable>
</column>
<column>
<name>ACTIVITY_TYPE</name>
<id>0edcd5da8482413f8c710d0cec7251ae</id>
<displayName>Activity Type</displayName>
<internal>false</internal>
<systemManaged>false</systemManaged>
<length>100</length>
<nullable>true</nullable>
<unique>false</unique>
<precision>38</precision>
<scale>10</scale>
<dataType>VARCHAR</dataType>
<columnType>ATTRIBUTE</columnType>
<hidden>false</hidden>
<editable>false</editable>
</column>
<column>
<name>ACTVDEF_SYS_STR01</name>
<id>efd56f5d821e42059651e5d45d777977</id>
<displayName>Activity Definition System String 01</displayName>
<internal>false</internal>
<systemManaged>false</systemManaged>
<length>256</length>
<nullable>true</nullable>
<unique>false</unique>
<precision>38</precision>
<scale>10</scale>
<dataType>VARCHAR</dataType>
<columnType>ATTRIBUTE</columnType>
<hidden>false</hidden>
<editable>false</editable>
</column>
<column>
<name>ACTVDEF_SYS_STR02</name>
<id>17e7817663054e30b0cf96cf9c78879d</id>
<displayName>Activity Definition System String 02</displayName>
<internal>false</internal>
<systemManaged>false</systemManaged>
<length>256</length>
<nullable>true</nullable>
<unique>false</unique>
<precision>38</precision>
<scale>10</scale>
<dataType>VARCHAR</dataType>
<columnType>ATTRIBUTE</columnType>
<hidden>false</hidden>
<editable>false</editable>
</column>
<column>
<name>ACTVDEF_SYS_STR03</name>
<id>e8ad845881dc4057a0f22c31886bbcc5</id>
<displayName>Activity Definition System String 03</displayName>
<internal>false</internal>
<systemManaged>false</systemManaged>
<length>256</length>
<nullable>true</nullable>
<unique>false</unique>
<precision>38</precision>
<scale>10</scale>
<dataType>VARCHAR</dataType>
<columnType>ATTRIBUTE</columnType>
<hidden>false</hidden>
<editable>false</editable>
</column>
</columns>
<indexes>
<index>
<name>BPM_ORA_PA_ACTVDEF_IDX_1</name>
<id>054148c976bb4842b4c1491db5280166</id>
<internal>false</internal>
<systemManaged>false</systemManaged>
<unique>false</unique>
<columns>
<columnRef>
<dataObject>ORACLE_PROCESSANALYTICS_ACTIVITY_DEFINITION</dataObject>
<column>PROCESS_DEFINITION_ID</column>
</columnRef>
</columns>
</index>
<index>
<name>BPM_ORA_PA_ACTVDEF_IDX_2</name>
<id>d4e8d539bd3f4aab879cc15d3eaea8be</id>
<internal>false</internal>
<systemManaged>false</systemManaged>
<unique>false</unique>
<columns>
<columnRef>
<dataObject>ORACLE_PROCESSANALYTICS_ACTIVITY_DEFINITION</dataObject>
<column>ACTIVITY_NAME</column>
</columnRef>
</columns>
</index>
</indexes>
<hierarchies/>
<flexLimitation>
<totalDecimals>10</totalDecimals>
<totalStrings>20</totalStrings>
<totalIntegers>10</totalIntegers>
<totalFloats>25</totalFloats>
<totalDates>10</totalDates>
<totalLongStrings>3</totalLongStrings>
</flexLimitation>
</ns0:simpleDataObject>