<?xml version = '1.0' encoding = 'UTF-8'?>
<ns0:alert xmlns:ns0="http://xmlns.oracle.com/bam/bam12">
<name>RecentAccreditationRequestsKPI_HIGH_Alert</name>
<id>/project/AirportAccreditationsDashboard/alert/RecentAccreditationRequestsKPI_HIGH_Alert</id>
<description>HIGH alert for KPI RecentAccreditationRequestsKPI</description>
<internal>false</internal>
<systemManaged>false</systemManaged>
<createdDate>2014-11-24T18:46:47.766+01:00</createdDate>
<modifiedDate>2014-11-24T19:35:09.035+01:00</modifiedDate>
<createdBy>weblogic</createdBy>
<modifiedBy>weblogic</modifiedBy>
<oEvent xmlns:xsi="http://www.w3.org/2001/XMLSchema-instance" xsi:type="ns0:kpiBasedEvent">
<oContinuousQueryName>AirportAccreditationsDashboard.RecentAccreditationRequestsKPI_HIGHAlert_ScheduledQuery</oContinuousQueryName>
<oContinuousQueryString>CREATE SCHEDULED QUERY AirportAccreditationsDashboard.RecentAccreditationRequestsKPI_HIGHAlert_ScheduledQuery AS "SELECT COUNTX AS KPI_MEASURE, 6 AS KPI_THRESHOLD, 'RecentAccreditationRequestsKPI' AS KPI_NAME, '/project/AirportAccreditationsDashboard/kpi/RecentAccreditationRequestsKPI' AS KPI_ID, 'HIGH' AS KPI_RISK_STATUS, CAST(CURRENT_TIMESTAMP AS TIMESTAMP) AS KPI_TIMESTAMP FROM ( SELECT COUNT(*) AS COUNTX  FROM  (  SELECT A3.BEAM_ID AS BEAM_ID,A3.COMPOSITE_DEFINITION_ID AS COMPOSITE_DEFINITION_ID,A3.PROCESS_DEFINITION_ID AS PROCESS_DEFINITION_ID,A3.COMPONENT_INSTANCE_ID AS COMPONENT_INSTANCE_ID,A3.COMPOSITE_INSTANCE_ID AS COMPOSITE_INSTANCE_ID,A3.PROCESS_FAULT_TYPE AS PROCESS_FAULT_TYPE,A3.PROCESS_START_TIME AS PROCESS_START_TIME,A3.PROCESS_END_TIME AS PROCESS_END_TIME,A3.PROCESS_LASTUPDATED_TIME AS PROCESS_LASTUPDATED_TIME,A3.PROCESS_RUNNING_TIME AS PROCESS_RUNNING_TIME,A3.PROCESS_SUSPEND_TIME AS PROCESS_SUSPEND_TIME,A3.PROCESS_INSTANCE_STATUS AS PROCESS_INSTANCE_STATUS,A3.ECID AS ECID,A3.CASEID AS CASEID,A3.TENANT_ID AS TENANT_ID,A3.FLOW_ID AS FLOW_ID,A3.PROCESS_INSTANCE_TITLE AS PROCESS_INSTANCE_TITLE,A3.CASE_DEFINITION_ID AS CASE_DEFINITION_ID,A3.PROCESS_DUE_TIME AS PROCESS_DUE_TIME,A3.PROCESS_EXPIRATION_TIME AS PROCESS_EXPIRATION_TIME,A3.PROCESS_ESTIMATED_TIME AS PROCESS_ESTIMATED_TIME,A3.B_REQUIREDLEVEL AS B_REQUIREDLEVEL,A3.R_REQUIREDLEVEL AS R_REQUIREDLEVEL,A1.COMPOSITE_DOMAIN_NAME AS COMPOSITE_DOMAIN_NAME,A1.COMPOSITE_NAME AS COMPOSITE_NAME,A1.COMPOSITE_REVISION AS COMPOSITE_REVISION,A1.COMPOSITE_SCALABEL AS COMPOSITE_SCALABEL,A1.COMPOSITE_DN AS COMPOSITE_DN,A1.COMPOSITE_BACVERSION AS COMPOSITE_BACVERSION,A1.COMPOSITE_DEPLOY_STATUS AS COMPOSITE_DEPLOY_STATUS,A1.COMPOSITE_DEPLOYDATE AS COMPOSITE_DEPLOYDATE,A1.COMPOSITE_UNDEPLOYDATE AS COMPOSITE_UNDEPLOYDATE,A1.COMPOSITE_LASTUPDATED AS COMPOSITE_LASTUPDATED,A1.ANALYTICS_VIEWER_ROLE AS ANALYTICS_VIEWER_ROLE,A1.ANALYTICS_VIEW_IDENTIFIER AS ANALYTICS_VIEW_IDENTIFIER,A2.PROCESS_NAME AS PROCESS_NAME,A2.PROCESS_LABEL AS PROCESS_LABEL,A2.PROCESS_TYPE AS PROCESS_TYPE,A2.PROCESS_DEPLOYMENT_STATUS AS PROCESS_DEPLOYMENT_STATUS,A2.PROCESS_MIGRATION_STATUS AS PROCESS_MIGRATION_STATUS,A2.ORGUNITID AS ORGUNITID,A2.PROCESS_DEPLOYDATE AS PROCESS_DEPLOYDATE,A2.PROCESS_UNDEPLOYDATE AS PROCESS_UNDEPLOYDATE,A2.PROCESS_DEFN_LASTUPDATED AS PROCESS_DEFN_LASTUPDATED,A2.PROCESS_OWNER_ROLE AS PROCESS_OWNER_ROLE,A2.PROCESS_REVIEWER_ROLE AS PROCESS_REVIEWER_ROLE,A2.PROCESS_ISPRIMARY AS PROCESS_ISPRIMARY,A3.B_REQUESTINGORGANIZATION AS B_REQUESTINGORGANIZATION,A3.B_REQUESTEDSECURITYLEVEL AS B_REQUESTEDSECURITYLEVEL,A3.R_REQUESTEDSECURITYLEVEL AS R_REQUESTEDSECURITYLEVEL,A3.B_REQUIREDSECURITYLEVEL AS B_REQUIREDSECURITYLEVEL,A3.S_REQUIREDSECURITYLEVEL AS S_REQUIREDSECURITYLEVEL,A3.DATAOBJECT_CREATED AS DATAOBJECT_CREATED,A3.DATAOBJECT_MODIFIED AS DATAOBJECT_MODIFIED FROM BEAM_VIEW_5 A1 ,BEAM_VIEW_6 A2 ,BEAM_VIEW_39 A3  WHERE (A3.PROCESS_DEFINITION_ID=A2.BEAM_ID AND A3.COMPOSITE_DEFINITION_ID=A1.BEAM_ID) AND ( ( (A2.PROCESS_DEPLOYMENT_STATUS=1 )  OR  (A3.PROCESS_INSTANCE_STATUS='COMPLETED' ) ) ) AND ( (A1.BEAM_ID IS NOT NULL ) ) )  I1  WHERE  ( TRUNC (EXTRACT (DAY FROM (LOCALTIMESTAMP-PROCESS_START_TIME))*24*60*60+EXTRACT (HOUR FROM (LOCALTIMESTAMP-PROCESS_START_TIME))*60*60+EXTRACT (MINUTE FROM (LOCALTIMESTAMP-PROCESS_START_TIME))*60+EXTRACT (SECOND FROM (LOCALTIMESTAMP-PROCESS_START_TIME))) &lt;3600 )  HAVING  (COUNT(*)>(6.0+7) )  ) S1" REFRESH ON "2014/11/24 06:36:00 PM +0100" EVERY  1 MINUTE START IMMEDIATE  destination "jms:queue/oracle.beam.cqservice.mdbs.alertengine:queuecf/oracle.beam.cqservice.mdbs.alertengine?batch=true"</oContinuousQueryString>
<kpiID>/project/AirportAccreditationsDashboard/kpi/RecentAccreditationRequestsKPI</kpiID>
<rangeType>HIGH</rangeType>
</oEvent>
<oActionList>
<oAction>
<oSelectedActions>
<entries>
<entry>
<key xmlns:xsd="http://www.w3.org/2001/XMLSchema" xmlns:xsi="http://www.w3.org/2001/XMLSchema-instance" xsi:type="xsd:string">MESSAGE_EMAIL</key>
<value xmlns:xsi="http://www.w3.org/2001/XMLSchema-instance" xsi:type="ns0:sendMessageAction">
<strEmail>lucasjellema@gmail.com</strEmail>
<strMessageText>Please help - </strMessageText>
<strMessageSubject>Large number of new Accreditation Requests:   [KPI_MEASURE] in last hour</strMessageSubject>
<oMessageSubjectElements>
<strType>text</strType>
<strValue>Large number of new Accreditation Requests:   </strValue>
</oMessageSubjectElements>
<oMessageSubjectElements>
<strType>DatasetSystemField</strType>
<strValue>KPI_MEASURE</strValue>
</oMessageSubjectElements>
<oMessageSubjectElements>
<strType>text</strType>
<strValue> in last hour</strValue>
</oMessageSubjectElements>
<oMessageTextElements>
<strType>text</strType>
<strValue>Please help - </strValue>
</oMessageTextElements>
</value>
</entry>
</entries>
</oSelectedActions>
<oConstraint>
<bIsFromDateSet>true</bIsFromDateSet>
<bIsToDateSet>true</bIsToDateSet>
<oDayOfWeek>MONDAY</oDayOfWeek>
<oSelectedDayOfWeek>MONDAY</oSelectedDayOfWeek>
<bIsBetweenTwoTimeCondition>false</bIsBetweenTwoTimeCondition>
<bIsBetweenTwoDaysCondition>false</bIsBetweenTwoDaysCondition>
<bIsParticularDayOfWeekCondition>false</bIsParticularDayOfWeekCondition>
</oConstraint>
</oAction>
</oActionList>
<strAlertXml>&lt;?xml version="1.0" encoding="utf-8" ?>&lt;rule>  &lt;event-clause>    &lt;function>      &lt;system>KPI&lt;/system>      &lt;name>CQL&lt;/name>      &lt;param order="0" name="queryid">AirportAccreditationsDashboard.RecentAccreditationRequestsKPI_HIGHAlert_ScheduledQuery&lt;/param>      &lt;param order="1" name="query">&lt;![CDATA[CREATE SCHEDULED QUERY AirportAccreditationsDashboard.RecentAccreditationRequestsKPI_HIGHAlert_ScheduledQuery AS "SELECT COUNTX AS KPI_MEASURE, 6 AS KPI_THRESHOLD, 'RecentAccreditationRequestsKPI' AS KPI_NAME, '/project/AirportAccreditationsDashboard/kpi/RecentAccreditationRequestsKPI' AS KPI_ID, 'HIGH' AS KPI_RISK_STATUS, CAST(CURRENT_TIMESTAMP AS TIMESTAMP) AS KPI_TIMESTAMP FROM ( SELECT COUNT(*) AS COUNTX  FROM  (  SELECT A3.BEAM_ID AS BEAM_ID,A3.COMPOSITE_DEFINITION_ID AS COMPOSITE_DEFINITION_ID,A3.PROCESS_DEFINITION_ID AS PROCESS_DEFINITION_ID,A3.COMPONENT_INSTANCE_ID AS COMPONENT_INSTANCE_ID,A3.COMPOSITE_INSTANCE_ID AS COMPOSITE_INSTANCE_ID,A3.PROCESS_FAULT_TYPE AS PROCESS_FAULT_TYPE,A3.PROCESS_START_TIME AS PROCESS_START_TIME,A3.PROCESS_END_TIME AS PROCESS_END_TIME,A3.PROCESS_LASTUPDATED_TIME AS PROCESS_LASTUPDATED_TIME,A3.PROCESS_RUNNING_TIME AS PROCESS_RUNNING_TIME,A3.PROCESS_SUSPEND_TIME AS PROCESS_SUSPEND_TIME,A3.PROCESS_INSTANCE_STATUS AS PROCESS_INSTANCE_STATUS,A3.ECID AS ECID,A3.CASEID AS CASEID,A3.TENANT_ID AS TENANT_ID,A3.FLOW_ID AS FLOW_ID,A3.PROCESS_INSTANCE_TITLE AS PROCESS_INSTANCE_TITLE,A3.CASE_DEFINITION_ID AS CASE_DEFINITION_ID,A3.PROCESS_DUE_TIME AS PROCESS_DUE_TIME,A3.PROCESS_EXPIRATION_TIME AS PROCESS_EXPIRATION_TIME,A3.PROCESS_ESTIMATED_TIME AS PROCESS_ESTIMATED_TIME,A3.B_REQUIREDLEVEL AS B_REQUIREDLEVEL,A3.R_REQUIREDLEVEL AS R_REQUIREDLEVEL,A1.COMPOSITE_DOMAIN_NAME AS COMPOSITE_DOMAIN_NAME,A1.COMPOSITE_NAME AS COMPOSITE_NAME,A1.COMPOSITE_REVISION AS COMPOSITE_REVISION,A1.COMPOSITE_SCALABEL AS COMPOSITE_SCALABEL,A1.COMPOSITE_DN AS COMPOSITE_DN,A1.COMPOSITE_BACVERSION AS COMPOSITE_BACVERSION,A1.COMPOSITE_DEPLOY_STATUS AS COMPOSITE_DEPLOY_STATUS,A1.COMPOSITE_DEPLOYDATE AS COMPOSITE_DEPLOYDATE,A1.COMPOSITE_UNDEPLOYDATE AS COMPOSITE_UNDEPLOYDATE,A1.COMPOSITE_LASTUPDATED AS COMPOSITE_LASTUPDATED,A1.ANALYTICS_VIEWER_ROLE AS ANALYTICS_VIEWER_ROLE,A1.ANALYTICS_VIEW_IDENTIFIER AS ANALYTICS_VIEW_IDENTIFIER,A2.PROCESS_NAME AS PROCESS_NAME,A2.PROCESS_LABEL AS PROCESS_LABEL,A2.PROCESS_TYPE AS PROCESS_TYPE,A2.PROCESS_DEPLOYMENT_STATUS AS PROCESS_DEPLOYMENT_STATUS,A2.PROCESS_MIGRATION_STATUS AS PROCESS_MIGRATION_STATUS,A2.ORGUNITID AS ORGUNITID,A2.PROCESS_DEPLOYDATE AS PROCESS_DEPLOYDATE,A2.PROCESS_UNDEPLOYDATE AS PROCESS_UNDEPLOYDATE,A2.PROCESS_DEFN_LASTUPDATED AS PROCESS_DEFN_LASTUPDATED,A2.PROCESS_OWNER_ROLE AS PROCESS_OWNER_ROLE,A2.PROCESS_REVIEWER_ROLE AS PROCESS_REVIEWER_ROLE,A2.PROCESS_ISPRIMARY AS PROCESS_ISPRIMARY,A3.B_REQUESTINGORGANIZATION AS B_REQUESTINGORGANIZATION,A3.B_REQUESTEDSECURITYLEVEL AS B_REQUESTEDSECURITYLEVEL,A3.R_REQUESTEDSECURITYLEVEL AS R_REQUESTEDSECURITYLEVEL,A3.B_REQUIREDSECURITYLEVEL AS B_REQUIREDSECURITYLEVEL,A3.S_REQUIREDSECURITYLEVEL AS S_REQUIREDSECURITYLEVEL,A3.DATAOBJECT_CREATED AS DATAOBJECT_CREATED,A3.DATAOBJECT_MODIFIED AS DATAOBJECT_MODIFIED FROM BEAM_VIEW_5 A1 ,BEAM_VIEW_6 A2 ,BEAM_VIEW_39 A3  WHERE (A3.PROCESS_DEFINITION_ID=A2.BEAM_ID AND A3.COMPOSITE_DEFINITION_ID=A1.BEAM_ID) AND ( ( (A2.PROCESS_DEPLOYMENT_STATUS=1 )  OR  (A3.PROCESS_INSTANCE_STATUS='COMPLETED' ) ) ) AND ( (A1.BEAM_ID IS NOT NULL ) ) )  I1  WHERE  ( TRUNC (EXTRACT (DAY FROM (LOCALTIMESTAMP-PROCESS_START_TIME))*24*60*60+EXTRACT (HOUR FROM (LOCALTIMESTAMP-PROCESS_START_TIME))*60*60+EXTRACT (MINUTE FROM (LOCALTIMESTAMP-PROCESS_START_TIME))*60+EXTRACT (SECOND FROM (LOCALTIMESTAMP-PROCESS_START_TIME))) &lt;3600 )  HAVING  (COUNT(*)>(6.0+7) )  ) S1" REFRESH ON "2014/11/24 06:36:00 PM +0100" EVERY  1 MINUTE START IMMEDIATE  destination "jms:queue/oracle.beam.cqservice.mdbs.alertengine:queuecf/oracle.beam.cqservice.mdbs.alertengine?batch=true"]]&gt;&lt;/param>      &lt;param order="2" name="kpiID">/project/AirportAccreditationsDashboard/kpi/RecentAccreditationRequestsKPI&lt;/param>      &lt;param order="3" name="rangeType">HIGH&lt;/param>    &lt;/function>  &lt;/event-clause>  &lt;constraint-clause/>  &lt;rule-clause>    &lt;action>  &lt;condition/>    &lt;function>      &lt;system>notify&lt;/system>      &lt;name>Send&lt;/name>      &lt;param order="0" name="emailId">lucasjellema@gmail.com&lt;/param>      &lt;param order="1" name="method">SMTP&lt;/param>  &lt;using-clause>&lt;SubjectText>&lt;text>&lt;![CDATA[Large number of new Accreditation Requests:   ]]&gt;&lt;/text>&lt;DatasetSystemField>KPI_MEASURE&lt;/DatasetSystemField>&lt;text>&lt;![CDATA[ in last hour]]&gt;&lt;/text>&lt;/SubjectText>&lt;AlertOwner>&lt;![CDATA[weblogic]]&gt;&lt;/AlertOwner>&lt;Type>&lt;![CDATA[Message]]&gt;&lt;/Type>&lt;MessageText>&lt;text>&lt;![CDATA[Please help - ]]&gt;&lt;/text>&lt;/MessageText>  &lt;/using-clause>  &lt;failover-clause/>    &lt;/function>    &lt;/action>  &lt;/rule-clause>&lt;/rule>
</strAlertXml>
<bIsActive>true</bIsActive>
<bIsKPIAlert>true</bIsKPIAlert>
</ns0:alert>