<?xml version = '1.0' encoding = 'UTF-8'?>
<ns0:logicalDataObject xmlns:ns0="http://xmlns.oracle.com/bam/bam12">
<name>ORACLE_PROCESSANALYTICS_AIRPORTACCREDITATIONSERVICE_BPM_PROCESS</name>
<id>/dataobject/ORACLE_PROCESSANALYTICS_AIRPORTACCREDITATIONSERVICE_BPM_PROCESS</id>
<displayName>oracle/processanalytics/AirportAccreditationService Process</displayName>
<internal>false</internal>
<systemManaged>false</systemManaged>
<createdDate>2014-11-21T22:18:15.322+01:00</createdDate>
<modifiedDate>2014-11-25T22:40:43.521+01:00</modifiedDate>
<createdBy>OracleSystemUser</createdBy>
<modifiedBy>OracleSystemUser</modifiedBy>
<flexTableConfigured>true</flexTableConfigured>
<category>PROCESS</category>
<calculatedFields>
<calculatedField>
<name>PROCESS_RUNNING_TIME_IN_SEC</name>
<id>924ff84ccdeb4528a15b77ce1751054c</id>
<displayName>PROCESS_RUNNING_TIME_IN_SEC</displayName>
<internal>false</internal>
<systemManaged>false</systemManaged>
<fieldId>0</fieldId>
<expression>PROCESS_RUNNING_TIME/1000</expression>
<dataType>INT</dataType>
<valid>true</valid>
<aggregated>false</aggregated>
<supportedByCQL>true</supportedByCQL>
<hidden>false</hidden>
<columnType>MEASURE</columnType>
</calculatedField>
<calculatedField>
<name>PROCESS_RUNNING_TIME_IN_MIN</name>
<id>82af660136674b7898c3dcb2dca049fb</id>
<displayName>PROCESS_RUNNING_TIME_IN_MIN</displayName>
<internal>false</internal>
<systemManaged>false</systemManaged>
<fieldId>1</fieldId>
<expression>PROCESS_RUNNING_TIME/60000</expression>
<dataType>INT</dataType>
<valid>true</valid>
<aggregated>false</aggregated>
<supportedByCQL>true</supportedByCQL>
<hidden>false</hidden>
<columnType>MEASURE</columnType>
</calculatedField>
<calculatedField>
<name>TIME_IN_SECONDS_SINCE_STARTED</name>
<id>5e5b04131ef948fda6ed1cecb9929d41</id>
<displayName>TIME_IN_SECONDS_SINCE_STARTED</displayName>
<internal>false</internal>
<systemManaged>false</systemManaged>
<fieldId>2</fieldId>
<expression>DATEDIFF(SQL_TSI_SECOND,{PROCESS_START_TIME},NOW())</expression>
<dataType>INT</dataType>
<valid>true</valid>
<aggregated>false</aggregated>
<supportedByCQL>false</supportedByCQL>
<hidden>false</hidden>
<columnType>MEASURE</columnType>
</calculatedField>
</calculatedFields>
<timeHierarchies>
<timeHierarchy>
<name>ORACLE_PROCESSANALYTICS_AIRPORTACCREDITATIONSERVICE_BPM_PROCESS__DeFaUlTDTHiERaRcHy</name>
<id>/dataobject/ORACLE_PROCESSANALYTICS_AIRPORTACCREDITATIONSERVICE_BPM_PROCESS</id>
<displayName>ORACLE_PROCESSANALYTICS_AIRPORTACCREDITATIONSERVICE_BPM_PROCESS__DeFaUlTDTHiERaRcHy</displayName>
<internal>false</internal>
<systemManaged>false</systemManaged>
<columnName>PROCESS_START_TIME</columnName>
<levels>
<level>YEAR</level>
<level>QUARTER</level>
<level>MONTH</level>
<level>WEEK_OF_YEAR</level>
<level>DAY_OF_YEAR</level>
<level>DAY_OF_MONTH</level>
<level>DAY_OF_WEEK</level>
<level>HOUR</level>
<level>MINUTE</level>
<level>SECOND</level>
</levels>
</timeHierarchy>
</timeHierarchies>
<dataObjects>
<dataObject type="dataObjectRef">ORACLE_PROCESSANALYTICS_COMPOSITE_DEFINITION</dataObject>
<dataObject type="dataObjectRef">ORACLE_PROCESSANALYTICS_PROCESS_DEFINITION</dataObject>
<dataObject type="dataObjectRef">ORACLE_PROCESSANALYTICS_AIRPORTACCREDITATIONSERVICE_PROCESS</dataObject>
</dataObjects>
<columns>
<column>
<name>BEAM_ID</name>
<id>071b677515f444f68a3a51ee6ecdee88</id>
<displayName>BEAM_ID</displayName>
<internal>false</internal>
<systemManaged>false</systemManaged>
<columnRef>
<dataObject>ORACLE_PROCESSANALYTICS_AIRPORTACCREDITATIONSERVICE_PROCESS</dataObject>
<column>BEAM_ID</column>
</columnRef>
<hidden>false</hidden>
<columnType>ATTRIBUTE</columnType>
</column>
<column>
<name>COMPOSITE_DEFINITION_ID</name>
<id>10359f58c9424930b1de36897ec486e4</id>
<displayName>Composite Defintion ID</displayName>
<internal>false</internal>
<systemManaged>false</systemManaged>
<columnRef>
<dataObject>ORACLE_PROCESSANALYTICS_AIRPORTACCREDITATIONSERVICE_PROCESS</dataObject>
<column>COMPOSITE_DEFINITION_ID</column>
</columnRef>
<hidden>false</hidden>
<columnType>ATTRIBUTE</columnType>
</column>
<column>
<name>PROCESS_DEFINITION_ID</name>
<id>b3dfe7d5064a4b55ba34acf8f5913bc0</id>
<displayName>Process Definition ID</displayName>
<internal>false</internal>
<systemManaged>false</systemManaged>
<columnRef>
<dataObject>ORACLE_PROCESSANALYTICS_AIRPORTACCREDITATIONSERVICE_PROCESS</dataObject>
<column>PROCESS_DEFINITION_ID</column>
</columnRef>
<hidden>false</hidden>
<columnType>ATTRIBUTE</columnType>
</column>
<column>
<name>COMPONENT_INSTANCE_ID</name>
<id>6f505c25f27440698cd9db2c1e3c6ccf</id>
<displayName>Component Instance ID</displayName>
<internal>false</internal>
<systemManaged>false</systemManaged>
<columnRef>
<dataObject>ORACLE_PROCESSANALYTICS_AIRPORTACCREDITATIONSERVICE_PROCESS</dataObject>
<column>COMPONENT_INSTANCE_ID</column>
</columnRef>
<hidden>false</hidden>
<columnType>ATTRIBUTE</columnType>
</column>
<column>
<name>COMPOSITE_INSTANCE_ID</name>
<id>25f4f96402254f5abb25dadda9828926</id>
<displayName>Composite Instance ID</displayName>
<internal>false</internal>
<systemManaged>false</systemManaged>
<columnRef>
<dataObject>ORACLE_PROCESSANALYTICS_AIRPORTACCREDITATIONSERVICE_PROCESS</dataObject>
<column>COMPOSITE_INSTANCE_ID</column>
</columnRef>
<hidden>false</hidden>
<columnType>ATTRIBUTE</columnType>
</column>
<column>
<name>PROCESS_FAULT_TYPE</name>
<id>80f885034eda42fcbaa880cf1b326fe7</id>
<displayName>Fault Type</displayName>
<internal>false</internal>
<systemManaged>false</systemManaged>
<columnRef>
<dataObject>ORACLE_PROCESSANALYTICS_AIRPORTACCREDITATIONSERVICE_PROCESS</dataObject>
<column>PROCESS_FAULT_TYPE</column>
</columnRef>
<hidden>false</hidden>
<columnType>DIMENSION</columnType>
</column>
<column>
<name>PROCESS_START_TIME</name>
<id>19fbb2b329ad4ddb9b9eb7c921b761a0</id>
<displayName>Process Start Time</displayName>
<internal>false</internal>
<systemManaged>false</systemManaged>
<columnRef>
<dataObject>ORACLE_PROCESSANALYTICS_AIRPORTACCREDITATIONSERVICE_PROCESS</dataObject>
<column>PROCESS_START_TIME</column>
</columnRef>
<hidden>false</hidden>
<columnType>DIMENSION</columnType>
</column>
<column>
<name>PROCESS_END_TIME</name>
<id>8de88910bd594108b7ae4054497382cd</id>
<displayName>Process End Time</displayName>
<internal>false</internal>
<systemManaged>false</systemManaged>
<columnRef>
<dataObject>ORACLE_PROCESSANALYTICS_AIRPORTACCREDITATIONSERVICE_PROCESS</dataObject>
<column>PROCESS_END_TIME</column>
</columnRef>
<hidden>false</hidden>
<columnType>DIMENSION</columnType>
</column>
<column>
<name>PROCESS_LASTUPDATED_TIME</name>
<id>aaf0ee60423741b78680c7507bc50df4</id>
<displayName>Last Updated Time</displayName>
<internal>false</internal>
<systemManaged>false</systemManaged>
<columnRef>
<dataObject>ORACLE_PROCESSANALYTICS_AIRPORTACCREDITATIONSERVICE_PROCESS</dataObject>
<column>PROCESS_LASTUPDATED_TIME</column>
</columnRef>
<hidden>false</hidden>
<columnType>ATTRIBUTE</columnType>
</column>
<column>
<name>PROCESS_RUNNING_TIME</name>
<id>83262deaf63142dbbb50b7987d8dbb28</id>
<displayName>Process Running Time (millisecs)</displayName>
<internal>false</internal>
<systemManaged>false</systemManaged>
<columnRef>
<dataObject>ORACLE_PROCESSANALYTICS_AIRPORTACCREDITATIONSERVICE_PROCESS</dataObject>
<column>PROCESS_RUNNING_TIME</column>
</columnRef>
<hidden>false</hidden>
<columnType>MEASURE</columnType>
</column>
<column>
<name>PROCESS_SUSPEND_TIME</name>
<id>f34318e9401946ed8728d842c5b4f96b</id>
<displayName>Process Suspend Time (millisecs)</displayName>
<internal>false</internal>
<systemManaged>false</systemManaged>
<columnRef>
<dataObject>ORACLE_PROCESSANALYTICS_AIRPORTACCREDITATIONSERVICE_PROCESS</dataObject>
<column>PROCESS_SUSPEND_TIME</column>
</columnRef>
<hidden>false</hidden>
<columnType>MEASURE</columnType>
</column>
<column>
<name>PROCESS_INSTANCE_STATUS</name>
<id>bc3f28d13cfd4e78b88a97dfa73b12b5</id>
<displayName>Process Instance Status</displayName>
<internal>false</internal>
<systemManaged>false</systemManaged>
<columnRef>
<dataObject>ORACLE_PROCESSANALYTICS_AIRPORTACCREDITATIONSERVICE_PROCESS</dataObject>
<column>PROCESS_INSTANCE_STATUS</column>
</columnRef>
<hidden>false</hidden>
<columnType>DIMENSION</columnType>
</column>
<column>
<name>ECID</name>
<id>82c4384bd10a4619843b7bb33bc86300</id>
<displayName>ECID</displayName>
<internal>false</internal>
<systemManaged>false</systemManaged>
<columnRef>
<dataObject>ORACLE_PROCESSANALYTICS_AIRPORTACCREDITATIONSERVICE_PROCESS</dataObject>
<column>ECID</column>
</columnRef>
<hidden>false</hidden>
<columnType>ATTRIBUTE</columnType>
</column>
<column>
<name>CASEID</name>
<id>ee9dfe0358004a538a5ea6883ccb9f9e</id>
<displayName>Case ID</displayName>
<internal>false</internal>
<systemManaged>false</systemManaged>
<columnRef>
<dataObject>ORACLE_PROCESSANALYTICS_AIRPORTACCREDITATIONSERVICE_PROCESS</dataObject>
<column>CASEID</column>
</columnRef>
<hidden>false</hidden>
<columnType>ATTRIBUTE</columnType>
</column>
<column>
<name>TENANT_ID</name>
<id>dd0fbd121fc04560b76b6aa2ab50e4e0</id>
<displayName>Tenant ID</displayName>
<internal>false</internal>
<systemManaged>false</systemManaged>
<columnRef>
<dataObject>ORACLE_PROCESSANALYTICS_AIRPORTACCREDITATIONSERVICE_PROCESS</dataObject>
<column>TENANT_ID</column>
</columnRef>
<hidden>false</hidden>
<columnType>ATTRIBUTE</columnType>
</column>
<column>
<name>FLOW_ID</name>
<id>e092e22d5a79430ca8359341ad2531f3</id>
<displayName>SCA Flow ID</displayName>
<internal>false</internal>
<systemManaged>false</systemManaged>
<columnRef>
<dataObject>ORACLE_PROCESSANALYTICS_AIRPORTACCREDITATIONSERVICE_PROCESS</dataObject>
<column>FLOW_ID</column>
</columnRef>
<hidden>false</hidden>
<columnType>ATTRIBUTE</columnType>
</column>
<column>
<name>PROCESS_INSTANCE_TITLE</name>
<id>2b694ba8da5447b6a08fd247977a486c</id>
<displayName>Process Instance Title</displayName>
<internal>false</internal>
<systemManaged>false</systemManaged>
<columnRef>
<dataObject>ORACLE_PROCESSANALYTICS_AIRPORTACCREDITATIONSERVICE_PROCESS</dataObject>
<column>PROCESS_INSTANCE_TITLE</column>
</columnRef>
<hidden>false</hidden>
<columnType>ATTRIBUTE</columnType>
</column>
<column>
<name>CASE_DEFINITION_ID</name>
<id>c56926f0fa0949ffbc673456cdbd73ce</id>
<displayName>Case Definition ID</displayName>
<internal>false</internal>
<systemManaged>false</systemManaged>
<columnRef>
<dataObject>ORACLE_PROCESSANALYTICS_AIRPORTACCREDITATIONSERVICE_PROCESS</dataObject>
<column>CASE_DEFINITION_ID</column>
</columnRef>
<hidden>false</hidden>
<columnType>ATTRIBUTE</columnType>
</column>
<column>
<name>PROCESS_DUE_TIME</name>
<id>85ae767487f243b5bfff96cfafc6af60</id>
<displayName>Process Due Time</displayName>
<internal>false</internal>
<systemManaged>false</systemManaged>
<columnRef>
<dataObject>ORACLE_PROCESSANALYTICS_AIRPORTACCREDITATIONSERVICE_PROCESS</dataObject>
<column>PROCESS_DUE_TIME</column>
</columnRef>
<hidden>false</hidden>
<columnType>ATTRIBUTE</columnType>
</column>
<column>
<name>PROCESS_EXPIRATION_TIME</name>
<id>f174636e7ac540239b68058a76317908</id>
<displayName>Process Expiration Time</displayName>
<internal>false</internal>
<systemManaged>false</systemManaged>
<columnRef>
<dataObject>ORACLE_PROCESSANALYTICS_AIRPORTACCREDITATIONSERVICE_PROCESS</dataObject>
<column>PROCESS_EXPIRATION_TIME</column>
</columnRef>
<hidden>false</hidden>
<columnType>ATTRIBUTE</columnType>
</column>
<column>
<name>PROCESS_ESTIMATED_TIME</name>
<id>7736ebedb34c48419326c00edf298ca9</id>
<displayName>Process Estimated Time</displayName>
<internal>false</internal>
<systemManaged>false</systemManaged>
<columnRef>
<dataObject>ORACLE_PROCESSANALYTICS_AIRPORTACCREDITATIONSERVICE_PROCESS</dataObject>
<column>PROCESS_ESTIMATED_TIME</column>
</columnRef>
<hidden>false</hidden>
<columnType>ATTRIBUTE</columnType>
</column>
<column>
<name>B_REQUIREDLEVEL</name>
<id>e1132ec26fef4641a05f7c738e0334c3</id>
<displayName>RequiredLevel BI</displayName>
<internal>false</internal>
<systemManaged>false</systemManaged>
<columnRef>
<dataObject>ORACLE_PROCESSANALYTICS_AIRPORTACCREDITATIONSERVICE_PROCESS</dataObject>
<column>B_REQUIREDLEVEL</column>
</columnRef>
<hidden>false</hidden>
<columnType>DIMENSION</columnType>
</column>
<column>
<name>R_REQUIREDLEVEL</name>
<id>a68069d5f2e1476ab826c200ce2749f4</id>
<displayName>RequiredLevel BI Range</displayName>
<internal>false</internal>
<systemManaged>false</systemManaged>
<columnRef>
<dataObject>ORACLE_PROCESSANALYTICS_AIRPORTACCREDITATIONSERVICE_PROCESS</dataObject>
<column>R_REQUIREDLEVEL</column>
</columnRef>
<hidden>false</hidden>
<columnType>DIMENSION</columnType>
</column>
<column>
<name>COMPOSITE_DOMAIN_NAME</name>
<id>2eb013793a2547379fa235e3d2c0fd40</id>
<displayName>Composite Domain Name</displayName>
<internal>false</internal>
<systemManaged>false</systemManaged>
<columnRef>
<dataObject>ORACLE_PROCESSANALYTICS_COMPOSITE_DEFINITION</dataObject>
<column>COMPOSITE_DOMAIN_NAME</column>
</columnRef>
<hidden>false</hidden>
<columnType>DIMENSION</columnType>
</column>
<column>
<name>COMPOSITE_NAME</name>
<id>755b93cf70e44d61bcb3879ffbaae346</id>
<displayName>Composite Name</displayName>
<internal>false</internal>
<systemManaged>false</systemManaged>
<columnRef>
<dataObject>ORACLE_PROCESSANALYTICS_COMPOSITE_DEFINITION</dataObject>
<column>COMPOSITE_NAME</column>
</columnRef>
<hidden>false</hidden>
<columnType>DIMENSION</columnType>
</column>
<column>
<name>COMPOSITE_REVISION</name>
<id>57d9d1dfd98045c2a931482b9d1289e3</id>
<displayName>Composite Revision</displayName>
<internal>false</internal>
<systemManaged>false</systemManaged>
<columnRef>
<dataObject>ORACLE_PROCESSANALYTICS_COMPOSITE_DEFINITION</dataObject>
<column>COMPOSITE_REVISION</column>
</columnRef>
<hidden>false</hidden>
<columnType>DIMENSION</columnType>
</column>
<column>
<name>COMPOSITE_SCALABEL</name>
<id>398cb5df23334727ad983d8dbf6ed83c</id>
<displayName>Composite SCA Label</displayName>
<internal>false</internal>
<systemManaged>false</systemManaged>
<columnRef>
<dataObject>ORACLE_PROCESSANALYTICS_COMPOSITE_DEFINITION</dataObject>
<column>COMPOSITE_SCALABEL</column>
</columnRef>
<hidden>false</hidden>
<columnType>DIMENSION</columnType>
</column>
<column>
<name>COMPOSITE_DN</name>
<id>7fd0f997e7df4b44afb95701faff692d</id>
<displayName>Composite DN</displayName>
<internal>false</internal>
<systemManaged>false</systemManaged>
<columnRef>
<dataObject>ORACLE_PROCESSANALYTICS_COMPOSITE_DEFINITION</dataObject>
<column>COMPOSITE_DN</column>
</columnRef>
<hidden>false</hidden>
<columnType>ATTRIBUTE</columnType>
</column>
<column>
<name>COMPOSITE_BACVERSION</name>
<id>e5191dc57bc7489d908af3d7e4d1a6cb</id>
<displayName>Composite BAC Version</displayName>
<internal>false</internal>
<systemManaged>false</systemManaged>
<columnRef>
<dataObject>ORACLE_PROCESSANALYTICS_COMPOSITE_DEFINITION</dataObject>
<column>COMPOSITE_BACVERSION</column>
</columnRef>
<hidden>false</hidden>
<columnType>ATTRIBUTE</columnType>
</column>
<column>
<name>COMPOSITE_DEPLOY_STATUS</name>
<id>20957c7f0c53405a8908ab983a9e3e61</id>
<displayName>Composite Deployment Status</displayName>
<internal>false</internal>
<systemManaged>false</systemManaged>
<columnRef>
<dataObject>ORACLE_PROCESSANALYTICS_COMPOSITE_DEFINITION</dataObject>
<column>COMPOSITE_DEPLOY_STATUS</column>
</columnRef>
<hidden>false</hidden>
<columnType>ATTRIBUTE</columnType>
</column>
<column>
<name>COMPOSITE_DEPLOYDATE</name>
<id>93fd80e4065d4f7ebfcfba1d7c97916f</id>
<displayName>Composite Deploy Date</displayName>
<internal>false</internal>
<systemManaged>false</systemManaged>
<columnRef>
<dataObject>ORACLE_PROCESSANALYTICS_COMPOSITE_DEFINITION</dataObject>
<column>COMPOSITE_DEPLOYDATE</column>
</columnRef>
<hidden>false</hidden>
<columnType>ATTRIBUTE</columnType>
</column>
<column>
<name>COMPOSITE_UNDEPLOYDATE</name>
<id>40f9dc316521420c800861b81d410e58</id>
<displayName>Composite Undeploy Date</displayName>
<internal>false</internal>
<systemManaged>false</systemManaged>
<columnRef>
<dataObject>ORACLE_PROCESSANALYTICS_COMPOSITE_DEFINITION</dataObject>
<column>COMPOSITE_UNDEPLOYDATE</column>
</columnRef>
<hidden>false</hidden>
<columnType>ATTRIBUTE</columnType>
</column>
<column>
<name>COMPOSITE_LASTUPDATED</name>
<id>8dce82b4ebbe48c6b8cb671951399772</id>
<displayName>Composite Lastupdated Date</displayName>
<internal>false</internal>
<systemManaged>false</systemManaged>
<columnRef>
<dataObject>ORACLE_PROCESSANALYTICS_COMPOSITE_DEFINITION</dataObject>
<column>COMPOSITE_LASTUPDATED</column>
</columnRef>
<hidden>false</hidden>
<columnType>ATTRIBUTE</columnType>
</column>
<column>
<name>ANALYTICS_VIEWER_ROLE</name>
<id>615295cd76584c6dbac8336b2d871a70</id>
<displayName>Analytics Viewer Role</displayName>
<internal>false</internal>
<systemManaged>false</systemManaged>
<columnRef>
<dataObject>ORACLE_PROCESSANALYTICS_COMPOSITE_DEFINITION</dataObject>
<column>ANALYTICS_VIEWER_ROLE</column>
</columnRef>
<hidden>false</hidden>
<columnType>ATTRIBUTE</columnType>
</column>
<column>
<name>ANALYTICS_VIEW_IDENTIFIER</name>
<id>3c07346d2e3c4d11ae4fa472b3873ee8</id>
<displayName>Analytics View Identifier</displayName>
<internal>false</internal>
<systemManaged>false</systemManaged>
<columnRef>
<dataObject>ORACLE_PROCESSANALYTICS_COMPOSITE_DEFINITION</dataObject>
<column>ANALYTICS_VIEW_IDENTIFIER</column>
</columnRef>
<hidden>false</hidden>
<columnType>ATTRIBUTE</columnType>
</column>
<column>
<name>PROCESS_NAME</name>
<id>5b8b93e0aee54a8a9c8db24bf42a62a2</id>
<displayName>Process Name</displayName>
<internal>false</internal>
<systemManaged>false</systemManaged>
<columnRef>
<dataObject>ORACLE_PROCESSANALYTICS_PROCESS_DEFINITION</dataObject>
<column>PROCESS_NAME</column>
</columnRef>
<hidden>false</hidden>
<columnType>DIMENSION</columnType>
</column>
<column>
<name>PROCESS_LABEL</name>
<id>181672cb746b45a1b12a83cdb9e4c5c7</id>
<displayName>Process Display Name</displayName>
<internal>false</internal>
<systemManaged>false</systemManaged>
<columnRef>
<dataObject>ORACLE_PROCESSANALYTICS_PROCESS_DEFINITION</dataObject>
<column>PROCESS_LABEL</column>
</columnRef>
<hidden>false</hidden>
<columnType>DIMENSION</columnType>
</column>
<column>
<name>PROCESS_TYPE</name>
<id>cbcfba68710742b6b3c96d3924f946d1</id>
<displayName>Process Type</displayName>
<internal>false</internal>
<systemManaged>false</systemManaged>
<columnRef>
<dataObject>ORACLE_PROCESSANALYTICS_PROCESS_DEFINITION</dataObject>
<column>PROCESS_TYPE</column>
</columnRef>
<hidden>false</hidden>
<columnType>ATTRIBUTE</columnType>
</column>
<column>
<name>PROCESS_DEPLOYMENT_STATUS</name>
<id>433116d2e8eb4b36b8704c7921bd6357</id>
<displayName>Process Deployment Status</displayName>
<internal>false</internal>
<systemManaged>false</systemManaged>
<columnRef>
<dataObject>ORACLE_PROCESSANALYTICS_PROCESS_DEFINITION</dataObject>
<column>PROCESS_DEPLOYMENT_STATUS</column>
</columnRef>
<hidden>false</hidden>
<columnType>ATTRIBUTE</columnType>
</column>
<column>
<name>PROCESS_MIGRATION_STATUS</name>
<id>aebcda27b5844874a8075943b1995f10</id>
<displayName>Process Migration Status</displayName>
<internal>false</internal>
<systemManaged>false</systemManaged>
<columnRef>
<dataObject>ORACLE_PROCESSANALYTICS_PROCESS_DEFINITION</dataObject>
<column>PROCESS_MIGRATION_STATUS</column>
</columnRef>
<hidden>false</hidden>
<columnType>ATTRIBUTE</columnType>
</column>
<column>
<name>ORGUNITID</name>
<id>565b9a23b6e642ae87e8dd1d83b76bbb</id>
<displayName>Organization Unit ID</displayName>
<internal>false</internal>
<systemManaged>false</systemManaged>
<columnRef>
<dataObject>ORACLE_PROCESSANALYTICS_PROCESS_DEFINITION</dataObject>
<column>ORGUNITID</column>
</columnRef>
<hidden>false</hidden>
<columnType>ATTRIBUTE</columnType>
</column>
<column>
<name>PROCESS_DEPLOYDATE</name>
<id>fc9143d175034c38b4fe3e4566742337</id>
<displayName>Process Deploy Date</displayName>
<internal>false</internal>
<systemManaged>false</systemManaged>
<columnRef>
<dataObject>ORACLE_PROCESSANALYTICS_PROCESS_DEFINITION</dataObject>
<column>PROCESS_DEPLOYDATE</column>
</columnRef>
<hidden>false</hidden>
<columnType>ATTRIBUTE</columnType>
</column>
<column>
<name>PROCESS_UNDEPLOYDATE</name>
<id>186c7d46a9be48f9bc1a24b4d327cd97</id>
<displayName>Process Undeploy Date</displayName>
<internal>false</internal>
<systemManaged>false</systemManaged>
<columnRef>
<dataObject>ORACLE_PROCESSANALYTICS_PROCESS_DEFINITION</dataObject>
<column>PROCESS_UNDEPLOYDATE</column>
</columnRef>
<hidden>false</hidden>
<columnType>ATTRIBUTE</columnType>
</column>
<column>
<name>PROCESS_DEFN_LASTUPDATED</name>
<id>f0295abf5947460197143c50843c2961</id>
<displayName>Process Definition Last Updated Date</displayName>
<internal>false</internal>
<systemManaged>false</systemManaged>
<columnRef>
<dataObject>ORACLE_PROCESSANALYTICS_PROCESS_DEFINITION</dataObject>
<column>PROCESS_DEFN_LASTUPDATED</column>
</columnRef>
<hidden>false</hidden>
<columnType>ATTRIBUTE</columnType>
</column>
<column>
<name>PROCESS_OWNER_ROLE</name>
<id>0c676426638b4fd9b8e578234dc4e1a4</id>
<displayName>Process Owner Role</displayName>
<internal>false</internal>
<systemManaged>false</systemManaged>
<columnRef>
<dataObject>ORACLE_PROCESSANALYTICS_PROCESS_DEFINITION</dataObject>
<column>PROCESS_OWNER_ROLE</column>
</columnRef>
<hidden>false</hidden>
<columnType>ATTRIBUTE</columnType>
</column>
<column>
<name>PROCESS_REVIEWER_ROLE</name>
<id>2b4df14d79a442eb991b3282a74401c7</id>
<displayName>Process Reviewer Role</displayName>
<internal>false</internal>
<systemManaged>false</systemManaged>
<columnRef>
<dataObject>ORACLE_PROCESSANALYTICS_PROCESS_DEFINITION</dataObject>
<column>PROCESS_REVIEWER_ROLE</column>
</columnRef>
<hidden>false</hidden>
<columnType>ATTRIBUTE</columnType>
</column>
<column>
<name>PROCESS_ISPRIMARY</name>
<id>bf6237b7879c4770a29de172f973c1b6</id>
<displayName>Is Primary Process</displayName>
<internal>false</internal>
<systemManaged>false</systemManaged>
<columnRef>
<dataObject>ORACLE_PROCESSANALYTICS_PROCESS_DEFINITION</dataObject>
<column>PROCESS_ISPRIMARY</column>
</columnRef>
<hidden>false</hidden>
<columnType>ATTRIBUTE</columnType>
</column>
<column>
<name>B_REQUESTINGORGANIZATION</name>
<id>c91e10e98a724cc893ddaebf4d78ccba</id>
<displayName>requestingOrganization BI</displayName>
<internal>false</internal>
<systemManaged>false</systemManaged>
<columnRef>
<dataObject>ORACLE_PROCESSANALYTICS_AIRPORTACCREDITATIONSERVICE_PROCESS</dataObject>
<column>B_REQUESTINGORGANIZATION</column>
</columnRef>
<hidden>false</hidden>
<columnType>DIMENSION</columnType>
</column>
<column>
<name>B_REQUESTEDSECURITYLEVEL</name>
<id>11b514e2381a4555b8222c951bc2d4b0</id>
<displayName>RequestedSecurityLevel BI</displayName>
<internal>false</internal>
<systemManaged>false</systemManaged>
<columnRef>
<dataObject>ORACLE_PROCESSANALYTICS_AIRPORTACCREDITATIONSERVICE_PROCESS</dataObject>
<column>B_REQUESTEDSECURITYLEVEL</column>
</columnRef>
<hidden>false</hidden>
<columnType>DIMENSION</columnType>
</column>
<column>
<name>R_REQUESTEDSECURITYLEVEL</name>
<id>17f9b5c49e904f2f98c225c24ba5a8c9</id>
<displayName>RequestedSecurityLevel BI Range</displayName>
<internal>false</internal>
<systemManaged>false</systemManaged>
<columnRef>
<dataObject>ORACLE_PROCESSANALYTICS_AIRPORTACCREDITATIONSERVICE_PROCESS</dataObject>
<column>R_REQUESTEDSECURITYLEVEL</column>
</columnRef>
<hidden>false</hidden>
<columnType>DIMENSION</columnType>
</column>
<column>
<name>B_REQUIREDSECURITYLEVEL</name>
<id>b305ac59fcb04ef0b1775ad7ceff2c4a</id>
<displayName>RequiredSecurityLevel BI</displayName>
<internal>false</internal>
<systemManaged>false</systemManaged>
<columnRef>
<dataObject>ORACLE_PROCESSANALYTICS_AIRPORTACCREDITATIONSERVICE_PROCESS</dataObject>
<column>B_REQUIREDSECURITYLEVEL</column>
</columnRef>
<hidden>false</hidden>
<columnType>MEASURE</columnType>
</column>
<column>
<name>S_REQUIREDSECURITYLEVEL</name>
<id>11092faf4fd84d8eac051ec97fed0286</id>
<displayName>RequiredSecurityLevel BI Start Value</displayName>
<internal>false</internal>
<systemManaged>false</systemManaged>
<columnRef>
<dataObject>ORACLE_PROCESSANALYTICS_AIRPORTACCREDITATIONSERVICE_PROCESS</dataObject>
<column>S_REQUIREDSECURITYLEVEL</column>
</columnRef>
<hidden>false</hidden>
<columnType>MEASURE</columnType>
</column>
<column>
<name>DATAOBJECT_CREATED</name>
<id>2a4269d894bd4d4db498b97632c65e4c</id>
<displayName>DATAOBJECT_CREATED</displayName>
<internal>false</internal>
<systemManaged>false</systemManaged>
<columnRef>
<dataObject>ORACLE_PROCESSANALYTICS_AIRPORTACCREDITATIONSERVICE_PROCESS</dataObject>
<column>DATAOBJECT_CREATED</column>
</columnRef>
<hidden>false</hidden>
<columnType>ATTRIBUTE</columnType>
</column>
<column>
<name>DATAOBJECT_MODIFIED</name>
<id>9bb161d8a93c44e1969fab6be9a34772</id>
<displayName>DATAOBJECT_MODIFIED</displayName>
<internal>false</internal>
<systemManaged>false</systemManaged>
<columnRef>
<dataObject>ORACLE_PROCESSANALYTICS_AIRPORTACCREDITATIONSERVICE_PROCESS</dataObject>
<column>DATAOBJECT_MODIFIED</column>
</columnRef>
<hidden>false</hidden>
<columnType>ATTRIBUTE</columnType>
</column>
<column>
<name>B_DIMENSION1</name>
<id>04c629927b0d4660a4ab091e32ba8bf9</id>
<displayName>Dimension1 BI</displayName>
<internal>false</internal>
<systemManaged>false</systemManaged>
<columnRef>
<dataObject>ORACLE_PROCESSANALYTICS_AIRPORTACCREDITATIONSERVICE_PROCESS</dataObject>
<column>B_DIMENSION1</column>
</columnRef>
<hidden>false</hidden>
<columnType>DIMENSION</columnType>
</column>
</columns>
<hierarchies/>
<joins>
<join>
<id>9caf0a22dca14df383feca8d4de3e67c</id>
<internal>false</internal>
<systemManaged>false</systemManaged>
<leftColumns>
<column>
<dataObject>ORACLE_PROCESSANALYTICS_AIRPORTACCREDITATIONSERVICE_PROCESS</dataObject>
<column>PROCESS_DEFINITION_ID</column>
</column>
</leftColumns>
<rightColumns>
<column>
<dataObject>ORACLE_PROCESSANALYTICS_PROCESS_DEFINITION</dataObject>
<column>BEAM_ID</column>
</column>
</rightColumns>
</join>
<join>
<id>b243009399d647d5bf5e9f36a44d79c4</id>
<internal>false</internal>
<systemManaged>false</systemManaged>
<leftColumns>
<column>
<dataObject>ORACLE_PROCESSANALYTICS_AIRPORTACCREDITATIONSERVICE_PROCESS</dataObject>
<column>COMPOSITE_DEFINITION_ID</column>
</column>
</leftColumns>
<rightColumns>
<column>
<dataObject>ORACLE_PROCESSANALYTICS_COMPOSITE_DEFINITION</dataObject>
<column>BEAM_ID</column>
</column>
</rightColumns>
</join>
</joins>
<filter>
<name/>
<type>ANY</type>
<branches/>
<entries>
<entry>
<column>PROCESS_DEPLOYMENT_STATUS</column>
<lhsColumn/>
<operator>EQ</operator>
<rhsValue>
<value xmlns:xsd="http://www.w3.org/2001/XMLSchema" xmlns:xsi="http://www.w3.org/2001/XMLSchema-instance" xsi:type="xsd:long">1</value>
</rhsValue>
<isDateTimeLike>false</isDateTimeLike>
<dateCompareMode>DATETIME</dateCompareMode>
</entry>
<entry>
<column>PROCESS_INSTANCE_STATUS</column>
<lhsColumn/>
<operator>EQ</operator>
<rhsValue>
<value xmlns:xsd="http://www.w3.org/2001/XMLSchema" xmlns:xsi="http://www.w3.org/2001/XMLSchema-instance" xsi:type="xsd:string">COMPLETED</value>
</rhsValue>
<isDateTimeLike>false</isDateTimeLike>
<dateCompareMode>DATETIME</dateCompareMode>
</entry>
</entries>
<none>false</none>
</filter>
<eventIdColName>BEAM_ID</eventIdColName>
</ns0:logicalDataObject>