<?xml version = '1.0' encoding = 'UTF-8'?>
<ns0:derivedDataObject xmlns:ns0="http://xmlns.oracle.com/bam/bam12">
<name>ORACLE_PROCESSANALYTICS_AIRPORTACCREDITATIONSERVICE_PROCESS</name>
<id>/dataobject/ORACLE_PROCESSANALYTICS_AIRPORTACCREDITATIONSERVICE_PROCESS</id>
<displayName>oracle/processanalytics/internal/physical/AirportAccreditationService Process (physical)</displayName>
<internal>false</internal>
<systemManaged>false</systemManaged>
<createdDate>2014-11-21T22:17:44.09+01:00</createdDate>
<modifiedDate>2014-11-25T19:46:00.454+01:00</modifiedDate>
<createdBy>OracleSystemUser</createdBy>
<modifiedBy>OracleSystemUser</modifiedBy>
<flexTableConfigured>false</flexTableConfigured>
<category>PROCESS</category>
<calculatedFields/>
<cqType>RELATION</cqType>
<cqArchived>true</cqArchived>
<cqSource>jms:topic/oracle.beam.server.event.dataobject</cqSource>
<cqStampType>SYSTEM</cqStampType>
<slowChangingDimension>false</slowChangingDimension>
<physicalName>BEAM_VIEW_39</physicalName>
<eventId>BEAM_ID</eventId>
<replayAmount>0</replayAmount>
<hidden>false</hidden>
<columns>
<column>
<name>B_REQUIREDLEVEL</name>
<id>357eeebb41784668857362e976b31d61</id>
<displayName>RequiredLevel BI</displayName>
<internal>false</internal>
<systemManaged>false</systemManaged>
<length>100</length>
<nullable>true</nullable>
<unique>false</unique>
<customProperty>DIMENSION</customProperty>
<precision>38</precision>
<scale>10</scale>
<dataType>DECIMAL</dataType>
<columnType>DIMENSION</columnType>
<hidden>false</hidden>
<editable>true</editable>
</column>
<column>
<name>R_REQUIREDLEVEL</name>
<id>3d429ccf6ad44aa08cfe17b5110909a5</id>
<displayName>RequiredLevel BI Range</displayName>
<internal>false</internal>
<systemManaged>false</systemManaged>
<length>256</length>
<nullable>true</nullable>
<unique>false</unique>
<precision>38</precision>
<scale>10</scale>
<dataType>VARCHAR</dataType>
<columnType>DIMENSION</columnType>
<hidden>false</hidden>
<editable>true</editable>
</column>
<column>
<name>B_REQUESTINGORGANIZATION</name>
<id>92d11fe429024791845b6e3baa69d1fc</id>
<displayName>requestingOrganization BI</displayName>
<internal>false</internal>
<systemManaged>false</systemManaged>
<length>256</length>
<nullable>true</nullable>
<unique>false</unique>
<customProperty>DIMENSION</customProperty>
<precision>38</precision>
<scale>10</scale>
<dataType>VARCHAR</dataType>
<columnType>DIMENSION</columnType>
<hidden>false</hidden>
<editable>true</editable>
</column>
<column>
<name>B_REQUESTEDSECURITYLEVEL</name>
<id>71341a7ec7f144b7b07c35a39d5d0539</id>
<displayName>RequestedSecurityLevel BI</displayName>
<internal>false</internal>
<systemManaged>false</systemManaged>
<length>100</length>
<nullable>true</nullable>
<unique>false</unique>
<customProperty>DIMENSION</customProperty>
<precision>38</precision>
<scale>10</scale>
<dataType>DECIMAL</dataType>
<columnType>DIMENSION</columnType>
<hidden>false</hidden>
<editable>true</editable>
</column>
<column>
<name>R_REQUESTEDSECURITYLEVEL</name>
<id>33e512f42452456bb2b4304e576e266d</id>
<displayName>RequestedSecurityLevel BI Range</displayName>
<internal>false</internal>
<systemManaged>false</systemManaged>
<length>256</length>
<nullable>true</nullable>
<unique>false</unique>
<precision>38</precision>
<scale>10</scale>
<dataType>VARCHAR</dataType>
<columnType>DIMENSION</columnType>
<hidden>false</hidden>
<editable>true</editable>
</column>
<column>
<name>B_REQUIREDSECURITYLEVEL</name>
<id>c7854c49b8f14e119904b76debc229b1</id>
<displayName>RequiredSecurityLevel BI</displayName>
<internal>false</internal>
<systemManaged>false</systemManaged>
<length>100</length>
<nullable>true</nullable>
<unique>false</unique>
<customProperty>MEASURE</customProperty>
<precision>38</precision>
<scale>10</scale>
<dataType>DECIMAL</dataType>
<columnType>MEASURE</columnType>
<hidden>false</hidden>
<editable>true</editable>
</column>
<column>
<name>S_REQUIREDSECURITYLEVEL</name>
<id>891eb20d7e84440b84346bf0de2e859a</id>
<displayName>RequiredSecurityLevel BI Start Value</displayName>
<internal>false</internal>
<systemManaged>false</systemManaged>
<length>100</length>
<nullable>true</nullable>
<unique>false</unique>
<precision>38</precision>
<scale>10</scale>
<dataType>DECIMAL</dataType>
<columnType>MEASURE</columnType>
<hidden>false</hidden>
<editable>true</editable>
</column>
<column>
<name>B_DIMENSION1</name>
<id>6ec2a282450d4098954d143aa1c97cc5</id>
<displayName>Dimension1 BI</displayName>
<internal>false</internal>
<systemManaged>false</systemManaged>
<length>256</length>
<nullable>true</nullable>
<unique>false</unique>
<customProperty>DIMENSION</customProperty>
<precision>38</precision>
<scale>10</scale>
<dataType>VARCHAR</dataType>
<columnType>DIMENSION</columnType>
<hidden>false</hidden>
<editable>true</editable>
</column>
</columns>
<indexes/>
<hierarchies/>
<parent type="dataObjectRef">ORACLE_PROCESSANALYTICS_PROCESS</parent>
</ns0:derivedDataObject>