<?xml version = '1.0' encoding = 'UTF-8'?>
<ns0:valueParameter xmlns:ns0="http://xmlns.oracle.com/bam/bam12">
<name>InTeRnAlNaMeQuery__1416847992731_DeTaIlEd_B_REQUESTEDSECURITYLEVEL</name>
<id>/project/AirportAccreditationsDashboard/parameter/InTeRnAlNaMeQuery__1416847992731_DeTaIlEd_B_REQUESTEDSECURITYLEVEL</id>
<displayName>InTeRnAlNaMeQuery__1416847992731_DeTaIlEd_B_REQUESTEDSECURITYLEVEL</displayName>
<internal>true</internal>
<systemManaged>false</systemManaged>
<createdDate>2014-11-24T17:53:12.796+01:00</createdDate>
<modifiedDate>2014-11-24T17:53:12.796+01:00</modifiedDate>
<createdBy>weblogic</createdBy>
<modifiedBy>weblogic</modifiedBy>
<dataType>DECIMAL</dataType>
<required>true</required>
<value/>
<defaultValue>
<specialValue>ALL</specialValue>
</defaultValue>
</ns0:valueParameter>