<?xml version = '1.0' encoding = 'UTF-8'?>
<ns0:beamProject xmlns:ns0="http://xmlns.oracle.com/bam/bam12">
<name>AirportAccreditationsDashboard</name>
<id>/project/AirportAccreditationsDashboard</id>
<displayName>Airport Accreditations Dashboard</displayName>
<internal>false</internal>
<systemManaged>false</systemManaged>
<createdDate>2014-11-24T06:59:30.29+01:00</createdDate>
<modifiedDate>2014-11-24T07:01:15.183+01:00</modifiedDate>
<createdBy>weblogic</createdBy>
<modifiedBy>weblogic</modifiedBy>
<dataObjects>
<dataObject type="dataObjectRef">ORACLE_PROCESSANALYTICS_AIRPORTACCREDITATIONSERVICE_BPM_ACTIVITY</dataObject>
<dataObject type="dataObjectRef">ORACLE_PROCESSANALYTICS_AIRPORTACCREDITATIONSERVICE_BPM_PROCESS</dataObject>
<dataObject type="dataObjectRef">ORACLE_PROCESSANALYTICS_AIRPORTACCREDITATIONSERVICE_ACTIVITY</dataObject>
<dataObject type="dataObjectRef">ORACLE_PROCESSANALYTICS_COMPOSITE_DEFINITION</dataObject>
<dataObject type="dataObjectRef">ORACLE_PROCESSANALYTICS_PROCESS_DEFINITION</dataObject>
<dataObject type="dataObjectRef">ORACLE_PROCESSANALYTICS_ACTIVITY_DEFINITION</dataObject>
<dataObject type="dataObjectRef">ORACLE_PROCESSANALYTICS_ROLE_DEFINITION</dataObject>
<dataObject type="dataObjectRef">ORACLE_PROCESSANALYTICS_AIRPORTACCREDITATIONSERVICE_PROCESS</dataObject>
</dataObjects>
</ns0:beamProject>