<?xml version = '1.0' encoding = 'UTF-8'?>
<ns0:simpleDataObject xmlns:ns0="http://xmlns.oracle.com/bam/bam12">
<name>ORACLE_PROCESSANALYTICS_ACTIVITY</name>
<id>/dataobject/ORACLE_PROCESSANALYTICS_ACTIVITY</id>
<displayName>/oracle/processanalytics/internal/physical/Activity (physical)</displayName>
<internal>false</internal>
<systemManaged>false</systemManaged>
<createdDate>2014-11-21T21:51:50.245+01:00</createdDate>
<modifiedDate>2014-11-21T21:51:50.245+01:00</modifiedDate>
<createdBy>OracleSystemUser</createdBy>
<modifiedBy>OracleSystemUser</modifiedBy>
<alias>BPM_PV_ACTIVITY_V</alias>
<flexTableConfigured>true</flexTableConfigured>
<category>PROCESS</category>
<calculatedFields/>
<timeHierarchies/>
<cqType>RELATION</cqType>
<cqArchived>true</cqArchived>
<cqSource>jms:topic/oracle.beam.server.event.dataobject</cqSource>
<cqStampType>SYSTEM</cqStampType>
<slowChangingDimension>false</slowChangingDimension>
<physicalName>BEAM_VIEW_7</physicalName>
<eventId>BEAM_ID</eventId>
<replayAmount>0</replayAmount>
<hidden>false</hidden>
<columns>
<column>
<name>BEAM_ID</name>
<id>3912bae4e97245cb813222ad16f3d6ef</id>
<displayName>BEAM_ID</displayName>
<internal>false</internal>
<systemManaged>false</systemManaged>
<length>2000</length>
<nullable>true</nullable>
<unique>false</unique>
<precision>38</precision>
<scale>10</scale>
<dataType>INT</dataType>
<columnType>ATTRIBUTE</columnType>
<hidden>false</hidden>
<editable>false</editable>
</column>
<column>
<name>DATAOBJECT_CREATED</name>
<id>567a43d9887f43c7b820d869aa1967f7</id>
<displayName>DATAOBJECT_CREATED</displayName>
<internal>false</internal>
<systemManaged>false</systemManaged>
<length>2000</length>
<nullable>true</nullable>
<unique>false</unique>
<precision>38</precision>
<scale>10</scale>
<dataType>DATETIME</dataType>
<columnType>ATTRIBUTE</columnType>
<hidden>false</hidden>
<editable>false</editable>
</column>
<column>
<name>DATAOBJECT_MODIFIED</name>
<id>cec23cc023ba443b88260b176fccfbe5</id>
<displayName>DATAOBJECT_MODIFIED</displayName>
<internal>false</internal>
<systemManaged>false</systemManaged>
<length>2000</length>
<nullable>true</nullable>
<unique>false</unique>
<precision>38</precision>
<scale>10</scale>
<dataType>DATETIME</dataType>
<columnType>ATTRIBUTE</columnType>
<hidden>false</hidden>
<editable>false</editable>
</column>
<column>
<name>ACTIVITY_DEFINITION_ID</name>
<id>e7f98dcc6a854d2cbcdb8ab4dfd0c57c</id>
<displayName>Activity Definition ID</displayName>
<internal>false</internal>
<systemManaged>false</systemManaged>
<length>2000</length>
<nullable>false</nullable>
<unique>false</unique>
<precision>38</precision>
<scale>10</scale>
<dataType>INT</dataType>
<columnType>ATTRIBUTE</columnType>
<hidden>false</hidden>
<editable>false</editable>
</column>
<column>
<name>COMPOSITE_DEFINITION_ID</name>
<id>4a735d3d91f549bbb7f47bf9bfd98a45</id>
<displayName>Composite Defintion ID</displayName>
<internal>false</internal>
<systemManaged>false</systemManaged>
<length>2000</length>
<nullable>false</nullable>
<unique>false</unique>
<precision>38</precision>
<scale>10</scale>
<dataType>INT</dataType>
<columnType>ATTRIBUTE</columnType>
<hidden>false</hidden>
<editable>false</editable>
</column>
<column>
<name>PROCESS_DEFINITION_ID</name>
<id>5fdff21ca37c40b989b1f72ab25b6d1c</id>
<displayName>Process Definition ID</displayName>
<internal>false</internal>
<systemManaged>false</systemManaged>
<length>2000</length>
<nullable>false</nullable>
<unique>false</unique>
<precision>38</precision>
<scale>10</scale>
<dataType>INT</dataType>
<columnType>ATTRIBUTE</columnType>
<hidden>false</hidden>
<editable>false</editable>
</column>
<column>
<name>INTERVAL_NAME</name>
<id>b24acf7e54c54a31987f3313e39ce63d</id>
<displayName>Interval Name</displayName>
<internal>false</internal>
<systemManaged>false</systemManaged>
<length>256</length>
<nullable>true</nullable>
<unique>false</unique>
<precision>38</precision>
<scale>10</scale>
<dataType>VARCHAR</dataType>
<columnType>DIMENSION</columnType>
<hidden>false</hidden>
<editable>false</editable>
</column>
<column>
<name>COUNTER_NAME</name>
<id>0ee76d21a0e245818f41cac5ae623bbc</id>
<displayName>Counter Name</displayName>
<internal>false</internal>
<systemManaged>false</systemManaged>
<length>100</length>
<nullable>true</nullable>
<unique>false</unique>
<precision>38</precision>
<scale>10</scale>
<dataType>VARCHAR</dataType>
<columnType>DIMENSION</columnType>
<hidden>false</hidden>
<editable>false</editable>
</column>
<column>
<name>END_ACTIVITY_DEFN_ID</name>
<id>048b1a9a86ad462ea1c84d8561d30809</id>
<displayName>End Activity Definition ID</displayName>
<internal>false</internal>
<systemManaged>false</systemManaged>
<length>2000</length>
<nullable>true</nullable>
<unique>false</unique>
<precision>38</precision>
<scale>10</scale>
<dataType>INT</dataType>
<columnType>ATTRIBUTE</columnType>
<hidden>false</hidden>
<editable>false</editable>
</column>
<column>
<name>CALLABLE_PROC_DEFN_ID</name>
<id>b5d0703cd5e44e08b277ba3e915ac60e</id>
<displayName>Callable Process Definition ID</displayName>
<internal>false</internal>
<systemManaged>false</systemManaged>
<length>2000</length>
<nullable>true</nullable>
<unique>false</unique>
<precision>38</precision>
<scale>10</scale>
<dataType>INT</dataType>
<columnType>ATTRIBUTE</columnType>
<hidden>false</hidden>
<editable>false</editable>
</column>
<column>
<name>COMPONENT_INSTANCE_ID</name>
<id>b755fc8ad00046948e8d1c7c62dc515f</id>
<displayName>Component Instance ID</displayName>
<internal>false</internal>
<systemManaged>false</systemManaged>
<length>200</length>
<nullable>false</nullable>
<unique>false</unique>
<precision>38</precision>
<scale>10</scale>
<dataType>VARCHAR</dataType>
<columnType>ATTRIBUTE</columnType>
<hidden>false</hidden>
<editable>false</editable>
</column>
<column>
<name>COMPOSITE_INSTANCE_ID</name>
<id>daf2a413d1fc4ece8de3f2a56ef2ed45</id>
<displayName>Composite Instance ID</displayName>
<internal>false</internal>
<systemManaged>false</systemManaged>
<length>200</length>
<nullable>false</nullable>
<unique>false</unique>
<precision>38</precision>
<scale>10</scale>
<dataType>VARCHAR</dataType>
<columnType>ATTRIBUTE</columnType>
<hidden>false</hidden>
<editable>false</editable>
</column>
<column>
<name>ACTIVITY_START_TIME</name>
<id>3ffff0720f734adbbd11fa3f8268b769</id>
<displayName>Activity Start Time</displayName>
<internal>false</internal>
<systemManaged>false</systemManaged>
<length>2000</length>
<nullable>true</nullable>
<unique>false</unique>
<precision>38</precision>
<scale>10</scale>
<dataType>DATETIME</dataType>
<columnType>DIMENSION</columnType>
<hidden>false</hidden>
<editable>false</editable>
</column>
<column>
<name>ACTIVITY_END_TIME</name>
<id>f088f5db891f47ec81e8b569f2054cb2</id>
<displayName>Activity End Time</displayName>
<internal>false</internal>
<systemManaged>false</systemManaged>
<length>2000</length>
<nullable>true</nullable>
<unique>false</unique>
<precision>38</precision>
<scale>10</scale>
<dataType>DATETIME</dataType>
<columnType>DIMENSION</columnType>
<hidden>false</hidden>
<editable>false</editable>
</column>
<column>
<name>ACTIVITY_START_DATE</name>
<id>5bf89acbc34a4111a8084a1f3d9c1660</id>
<displayName>Activity Start Date (date only)</displayName>
<internal>false</internal>
<systemManaged>false</systemManaged>
<length>2000</length>
<nullable>true</nullable>
<unique>false</unique>
<precision>38</precision>
<scale>10</scale>
<dataType>DATETIME</dataType>
<columnType>ATTRIBUTE</columnType>
<hidden>false</hidden>
<editable>false</editable>
</column>
<column>
<name>ACTIVITY_END_DATE</name>
<id>5af34c1394cd4102b1310c62dae23df5</id>
<displayName>Activity End Date (date only)</displayName>
<internal>false</internal>
<systemManaged>false</systemManaged>
<length>2000</length>
<nullable>true</nullable>
<unique>false</unique>
<precision>38</precision>
<scale>10</scale>
<dataType>DATETIME</dataType>
<columnType>ATTRIBUTE</columnType>
<hidden>false</hidden>
<editable>false</editable>
</column>
<column>
<name>ACTIVITY_STARTTIME_MS</name>
<id>ed5fa571c9c74755953bb2be5c51de96</id>
<displayName>Activity Start Time in Milliseconds</displayName>
<internal>false</internal>
<systemManaged>false</systemManaged>
<length>2000</length>
<nullable>true</nullable>
<unique>false</unique>
<precision>38</precision>
<scale>10</scale>
<dataType>INT</dataType>
<columnType>ATTRIBUTE</columnType>
<hidden>false</hidden>
<editable>false</editable>
</column>
<column>
<name>ACTIVITY_LASTUPDATED_TIME</name>
<id>fe83230b6ef64097b362b22a0d95c2d9</id>
<displayName>Last Updated Time</displayName>
<internal>false</internal>
<systemManaged>false</systemManaged>
<length>2000</length>
<nullable>false</nullable>
<unique>false</unique>
<precision>38</precision>
<scale>10</scale>
<dataType>DATETIME</dataType>
<columnType>ATTRIBUTE</columnType>
<hidden>false</hidden>
<editable>false</editable>
</column>
<column>
<name>ACTIVITY_RUNNING_TIME</name>
<id>7aa2581f4e874d05b732077cbfc48af6</id>
<displayName>Activity Running Time (millisecs)</displayName>
<internal>false</internal>
<systemManaged>false</systemManaged>
<length>2000</length>
<nullable>true</nullable>
<unique>false</unique>
<precision>38</precision>
<scale>10</scale>
<dataType>INT</dataType>
<columnType>MEASURE</columnType>
<hidden>false</hidden>
<editable>false</editable>
</column>
<column>
<name>ACTIVITY_SUSPEND_TIME</name>
<id>5838cd2ce1764f3d854f44fc6f976eac</id>
<displayName>Activity Suspend Time (millisecs)</displayName>
<internal>false</internal>
<systemManaged>false</systemManaged>
<length>2000</length>
<nullable>true</nullable>
<unique>false</unique>
<precision>38</precision>
<scale>10</scale>
<dataType>INT</dataType>
<columnType>MEASURE</columnType>
<hidden>false</hidden>
<editable>false</editable>
</column>
<column>
<name>ACTIVITY_START_EVENT_TYPE</name>
<id>c099273533eb41c4be55d487e3c6ee50</id>
<displayName>Activity Start Event Type</displayName>
<internal>false</internal>
<systemManaged>false</systemManaged>
<length>100</length>
<nullable>true</nullable>
<unique>false</unique>
<precision>38</precision>
<scale>10</scale>
<dataType>VARCHAR</dataType>
<columnType>ATTRIBUTE</columnType>
<hidden>false</hidden>
<editable>false</editable>
</column>
<column>
<name>ACTIVITY_END_EVENT_TYPE</name>
<id>8f26cc8e2fb24b27b8174e5b513c084a</id>
<displayName>Activity End Event Type</displayName>
<internal>false</internal>
<systemManaged>false</systemManaged>
<length>100</length>
<nullable>true</nullable>
<unique>false</unique>
<precision>38</precision>
<scale>10</scale>
<dataType>VARCHAR</dataType>
<columnType>ATTRIBUTE</columnType>
<hidden>false</hidden>
<editable>false</editable>
</column>
<column>
<name>ACTIVITY_INSTANCE_STATUS</name>
<id>05994bebf69a4549b4f7aeb2918574f9</id>
<displayName>Activity Instance Status</displayName>
<internal>false</internal>
<systemManaged>false</systemManaged>
<length>100</length>
<nullable>false</nullable>
<unique>false</unique>
<precision>38</precision>
<scale>10</scale>
<dataType>VARCHAR</dataType>
<columnType>DIMENSION</columnType>
<hidden>false</hidden>
<editable>false</editable>
</column>
<column>
<name>ROLE_DEFINITION_ID</name>
<id>cc7e2e3fd4564266892ef749a31cbcf3</id>
<displayName>Role Defintion ID</displayName>
<internal>false</internal>
<systemManaged>false</systemManaged>
<length>2000</length>
<nullable>false</nullable>
<unique>false</unique>
<precision>38</precision>
<scale>10</scale>
<dataType>INT</dataType>
<columnType>ATTRIBUTE</columnType>
<hidden>false</hidden>
<editable>false</editable>
</column>
<column>
<name>ACTIVITY_PARTICIPANT</name>
<id>c165989f31cc41409a59520a5c6cc120</id>
<displayName>Participant</displayName>
<internal>false</internal>
<systemManaged>false</systemManaged>
<length>256</length>
<nullable>true</nullable>
<unique>false</unique>
<precision>38</precision>
<scale>10</scale>
<dataType>VARCHAR</dataType>
<columnType>DIMENSION</columnType>
<hidden>false</hidden>
<editable>false</editable>
</column>
<column>
<name>ACTIVITY_SCOPEID</name>
<id>fd539e49a70540b2ae34369938befe4f</id>
<displayName>Activity Scope ID</displayName>
<internal>false</internal>
<systemManaged>false</systemManaged>
<length>450</length>
<nullable>false</nullable>
<unique>false</unique>
<precision>38</precision>
<scale>10</scale>
<dataType>VARCHAR</dataType>
<columnType>ATTRIBUTE</columnType>
<hidden>false</hidden>
<editable>false</editable>
</column>
<column>
<name>ACTIVITY_DISCRIMINATOR</name>
<id>edf46c8c60ec41ffa9d3f01790074ade</id>
<displayName>Activity Discriminator</displayName>
<internal>false</internal>
<systemManaged>false</systemManaged>
<length>200</length>
<nullable>true</nullable>
<unique>false</unique>
<precision>38</precision>
<scale>10</scale>
<dataType>VARCHAR</dataType>
<columnType>ATTRIBUTE</columnType>
<hidden>false</hidden>
<editable>false</editable>
</column>
<column>
<name>ACTIVITY_PRIORITY</name>
<id>3230bfb021c14da3a6a5119d624cb0e5</id>
<displayName>Priority</displayName>
<internal>false</internal>
<systemManaged>false</systemManaged>
<length>2000</length>
<nullable>true</nullable>
<unique>false</unique>
<precision>38</precision>
<scale>10</scale>
<dataType>INT</dataType>
<columnType>ATTRIBUTE</columnType>
<hidden>false</hidden>
<editable>false</editable>
</column>
<column>
<name>ACTIVITY_FAULT_TYPE</name>
<id>6cd7d762b9e54f18a7bc8b6c3b0080c8</id>
<displayName>Fault Type</displayName>
<internal>false</internal>
<systemManaged>false</systemManaged>
<length>100</length>
<nullable>true</nullable>
<unique>false</unique>
<precision>38</precision>
<scale>10</scale>
<dataType>VARCHAR</dataType>
<columnType>DIMENSION</columnType>
<hidden>false</hidden>
<editable>false</editable>
</column>
<column>
<name>ACTIVITY_FAULT_INFO</name>
<id>8e77f5bf639147fcbfcb30eab770039a</id>
<displayName>Fault Info</displayName>
<internal>false</internal>
<systemManaged>false</systemManaged>
<length>256</length>
<nullable>true</nullable>
<unique>false</unique>
<precision>38</precision>
<scale>10</scale>
<dataType>VARCHAR</dataType>
<columnType>ATTRIBUTE</columnType>
<hidden>false</hidden>
<editable>false</editable>
</column>
<column>
<name>ECID</name>
<id>94d9960f41c0480e816bc2b97927181f</id>
<displayName>ECID</displayName>
<internal>false</internal>
<systemManaged>false</systemManaged>
<length>200</length>
<nullable>true</nullable>
<unique>false</unique>
<precision>38</precision>
<scale>10</scale>
<dataType>VARCHAR</dataType>
<columnType>ATTRIBUTE</columnType>
<hidden>false</hidden>
<editable>false</editable>
</column>
<column>
<name>CASEID</name>
<id>17eb08af153b46ddae3d70730764d860</id>
<displayName>Case ID</displayName>
<internal>false</internal>
<systemManaged>false</systemManaged>
<length>100</length>
<nullable>true</nullable>
<unique>false</unique>
<precision>38</precision>
<scale>10</scale>
<dataType>VARCHAR</dataType>
<columnType>ATTRIBUTE</columnType>
<hidden>false</hidden>
<editable>false</editable>
</column>
<column>
<name>ORGUNITID</name>
<id>ec366af6a9fb4c4abb0255c6a9b07ac5</id>
<displayName>Organization Unit ID</displayName>
<internal>false</internal>
<systemManaged>false</systemManaged>
<length>100</length>
<nullable>true</nullable>
<unique>false</unique>
<precision>38</precision>
<scale>10</scale>
<dataType>VARCHAR</dataType>
<columnType>ATTRIBUTE</columnType>
<hidden>false</hidden>
<editable>false</editable>
</column>
<column>
<name>TENANT_ID</name>
<id>652a7b7e35dc4dc7904e41e66545db6a</id>
<displayName>TenantId</displayName>
<internal>false</internal>
<systemManaged>false</systemManaged>
<length>2000</length>
<nullable>true</nullable>
<unique>false</unique>
<precision>38</precision>
<scale>10</scale>
<dataType>INT</dataType>
<columnType>ATTRIBUTE</columnType>
<hidden>false</hidden>
<editable>false</editable>
</column>
<column>
<name>FLOW_ID</name>
<id>9623044a30b34dbf94b7a76f2d14a0d1</id>
<displayName>SCA Flow ID</displayName>
<internal>false</internal>
<systemManaged>false</systemManaged>
<length>2000</length>
<nullable>true</nullable>
<unique>false</unique>
<precision>38</precision>
<scale>10</scale>
<dataType>INT</dataType>
<columnType>ATTRIBUTE</columnType>
<hidden>false</hidden>
<editable>false</editable>
</column>
<column>
<name>ACTV_SYS_STR01</name>
<id>8a9b9dc06c5e4aa3873fb7269ea61e58</id>
<displayName>Activity System String 01</displayName>
<internal>false</internal>
<systemManaged>false</systemManaged>
<length>256</length>
<nullable>true</nullable>
<unique>false</unique>
<precision>38</precision>
<scale>10</scale>
<dataType>VARCHAR</dataType>
<columnType>ATTRIBUTE</columnType>
<hidden>false</hidden>
<editable>false</editable>
</column>
<column>
<name>ACTV_SYS_STR02</name>
<id>08caaa7a26b04af5b0ef792975003fca</id>
<displayName>Activity System String 02</displayName>
<internal>false</internal>
<systemManaged>false</systemManaged>
<length>256</length>
<nullable>true</nullable>
<unique>false</unique>
<precision>38</precision>
<scale>10</scale>
<dataType>VARCHAR</dataType>
<columnType>ATTRIBUTE</columnType>
<hidden>false</hidden>
<editable>false</editable>
</column>
<column>
<name>ACTV_SYS_STR03</name>
<id>80f270c3ab8840d0a370b1987597d151</id>
<displayName>Activity System String 03</displayName>
<internal>false</internal>
<systemManaged>false</systemManaged>
<length>256</length>
<nullable>true</nullable>
<unique>false</unique>
<precision>38</precision>
<scale>10</scale>
<dataType>VARCHAR</dataType>
<columnType>ATTRIBUTE</columnType>
<hidden>false</hidden>
<editable>false</editable>
</column>
<column>
<name>ACTV_SYS_STR04</name>
<id>cdc14ecc3f014dde945b4efb3ce151db</id>
<displayName>Activity System String 04</displayName>
<internal>false</internal>
<systemManaged>false</systemManaged>
<length>256</length>
<nullable>true</nullable>
<unique>false</unique>
<precision>38</precision>
<scale>10</scale>
<dataType>VARCHAR</dataType>
<columnType>ATTRIBUTE</columnType>
<hidden>false</hidden>
<editable>false</editable>
</column>
<column>
<name>ACTV_SYS_STR05</name>
<id>b24f21644fd949709221df863ec3f35b</id>
<displayName>Activity System String 05</displayName>
<internal>false</internal>
<systemManaged>false</systemManaged>
<length>256</length>
<nullable>true</nullable>
<unique>false</unique>
<precision>38</precision>
<scale>10</scale>
<dataType>VARCHAR</dataType>
<columnType>ATTRIBUTE</columnType>
<hidden>false</hidden>
<editable>false</editable>
</column>
<column>
<name>ACTV_SYS_NUM01</name>
<id>c40097388c4447f587889f6102c90101</id>
<displayName>Activity System Number 01</displayName>
<internal>false</internal>
<systemManaged>false</systemManaged>
<length>2000</length>
<nullable>true</nullable>
<unique>false</unique>
<precision>38</precision>
<scale>10</scale>
<dataType>INT</dataType>
<columnType>ATTRIBUTE</columnType>
<hidden>false</hidden>
<editable>false</editable>
</column>
<column>
<name>ACTV_SYS_NUM02</name>
<id>dcc4f3cf218e476188e2b125b5cb2f1c</id>
<displayName>Activity System Number 02</displayName>
<internal>false</internal>
<systemManaged>false</systemManaged>
<length>2000</length>
<nullable>true</nullable>
<unique>false</unique>
<precision>38</precision>
<scale>10</scale>
<dataType>INT</dataType>
<columnType>ATTRIBUTE</columnType>
<hidden>false</hidden>
<editable>false</editable>
</column>
<column>
<name>ACTV_SYS_NUM03</name>
<id>d2f41d8775974ad59182d07476e8dd3b</id>
<displayName>Activity System Number 03</displayName>
<internal>false</internal>
<systemManaged>false</systemManaged>
<length>2000</length>
<nullable>true</nullable>
<unique>false</unique>
<precision>38</precision>
<scale>10</scale>
<dataType>INT</dataType>
<columnType>ATTRIBUTE</columnType>
<hidden>false</hidden>
<editable>false</editable>
</column>
<column>
<name>ACTV_SYS_NUM04</name>
<id>f9203be8df1c445e964903afed8a45d7</id>
<displayName>Activity System Number 04</displayName>
<internal>false</internal>
<systemManaged>false</systemManaged>
<length>2000</length>
<nullable>true</nullable>
<unique>false</unique>
<precision>38</precision>
<scale>10</scale>
<dataType>INT</dataType>
<columnType>ATTRIBUTE</columnType>
<hidden>false</hidden>
<editable>false</editable>
</column>
<column>
<name>ACTV_SYS_NUM05</name>
<id>e878b24ee73b47e0a230afa22b306688</id>
<displayName>Activity System Number 05</displayName>
<internal>false</internal>
<systemManaged>false</systemManaged>
<length>2000</length>
<nullable>true</nullable>
<unique>false</unique>
<precision>38</precision>
<scale>10</scale>
<dataType>INT</dataType>
<columnType>ATTRIBUTE</columnType>
<hidden>false</hidden>
<editable>false</editable>
</column>
<column>
<name>ACTV_SYS_TS01</name>
<id>af20c6787ff2474ebf58ecdfa65a0bc2</id>
<displayName>Activity System Timestamp 01</displayName>
<internal>false</internal>
<systemManaged>false</systemManaged>
<length>2000</length>
<nullable>true</nullable>
<unique>false</unique>
<precision>38</precision>
<scale>10</scale>
<dataType>DATETIME</dataType>
<columnType>ATTRIBUTE</columnType>
<hidden>false</hidden>
<editable>false</editable>
</column>
<column>
<name>ACTV_SYS_TS02</name>
<id>0ef27359c7dc4f45bbc8013524e53fe2</id>
<displayName>Activity System Timestamp 02</displayName>
<internal>false</internal>
<systemManaged>false</systemManaged>
<length>2000</length>
<nullable>true</nullable>
<unique>false</unique>
<precision>38</precision>
<scale>10</scale>
<dataType>DATETIME</dataType>
<columnType>ATTRIBUTE</columnType>
<hidden>false</hidden>
<editable>false</editable>
</column>
<column>
<name>ACTV_SYS_TS03</name>
<id>7edf18a1d9354ecd9ab66c59ffe63035</id>
<displayName>Activity System Timestamp 03</displayName>
<internal>false</internal>
<systemManaged>false</systemManaged>
<length>2000</length>
<nullable>true</nullable>
<unique>false</unique>
<precision>38</precision>
<scale>10</scale>
<dataType>DATETIME</dataType>
<columnType>ATTRIBUTE</columnType>
<hidden>false</hidden>
<editable>false</editable>
</column>
<column>
<name>CASE_DEFINITION_ID</name>
<id>b92d024c203e4452b504d33bbe8933e3</id>
<displayName>Case Definition ID</displayName>
<internal>false</internal>
<systemManaged>false</systemManaged>
<length>2000</length>
<nullable>true</nullable>
<unique>false</unique>
<precision>38</precision>
<scale>10</scale>
<dataType>INT</dataType>
<columnType>ATTRIBUTE</columnType>
<hidden>false</hidden>
<editable>false</editable>
</column>
</columns>
<indexes>
<index>
<name>BPM_ORA_PA_ACTIVITY_IDX_1</name>
<id>b57d4d3dc2c94846a7617dbcabdd6783</id>
<internal>false</internal>
<systemManaged>false</systemManaged>
<unique>false</unique>
<columns>
<columnRef>
<dataObject>ORACLE_PROCESSANALYTICS_ACTIVITY</dataObject>
<column>ACTIVITY_DEFINITION_ID</column>
</columnRef>
</columns>
</index>
<index>
<name>BPM_ORA_PA_ACTIVITY_IDX_2</name>
<id>0fea448dc291446ab168ef98bdd284b4</id>
<internal>false</internal>
<systemManaged>false</systemManaged>
<unique>false</unique>
<columns>
<columnRef>
<dataObject>ORACLE_PROCESSANALYTICS_ACTIVITY</dataObject>
<column>COMPOSITE_DEFINITION_ID</column>
</columnRef>
</columns>
</index>
<index>
<name>BPM_ORA_PA_ACTIVITY_IDX_3</name>
<id>f10688d26622417f9d4228ce08f556dc</id>
<internal>false</internal>
<systemManaged>false</systemManaged>
<unique>false</unique>
<columns>
<columnRef>
<dataObject>ORACLE_PROCESSANALYTICS_ACTIVITY</dataObject>
<column>PROCESS_DEFINITION_ID</column>
</columnRef>
</columns>
</index>
<index>
<name>BPM_ORA_PA_ACTIVITY_IDX_4</name>
<id>7446d01dae5d4804a8ea5a980015a862</id>
<internal>false</internal>
<systemManaged>false</systemManaged>
<unique>false</unique>
<columns>
<columnRef>
<dataObject>ORACLE_PROCESSANALYTICS_ACTIVITY</dataObject>
<column>INTERVAL_NAME</column>
</columnRef>
</columns>
</index>
<index>
<name>BPM_ORA_PA_ACTIVITY_IDX_5</name>
<id>f81aeae7ed0143519cf5a524d6cd9233</id>
<internal>false</internal>
<systemManaged>false</systemManaged>
<unique>false</unique>
<columns>
<columnRef>
<dataObject>ORACLE_PROCESSANALYTICS_ACTIVITY</dataObject>
<column>COUNTER_NAME</column>
</columnRef>
</columns>
</index>
<index>
<name>BPM_ORA_PA_ACTIVITY_IDX_6</name>
<id>0a9e15bf40fa41e9bfab52aba33b6c67</id>
<internal>false</internal>
<systemManaged>false</systemManaged>
<unique>false</unique>
<columns>
<columnRef>
<dataObject>ORACLE_PROCESSANALYTICS_ACTIVITY</dataObject>
<column>COMPONENT_INSTANCE_ID</column>
</columnRef>
</columns>
</index>
<index>
<name>BPM_ORA_PA_ACTIVITY_IDX_7</name>
<id>6f675fc9642749d588e63e3d6f62e2f3</id>
<internal>false</internal>
<systemManaged>false</systemManaged>
<unique>false</unique>
<columns>
<columnRef>
<dataObject>ORACLE_PROCESSANALYTICS_ACTIVITY</dataObject>
<column>COMPOSITE_INSTANCE_ID</column>
</columnRef>
</columns>
</index>
<index>
<name>BPM_ORA_PA_ACTIVITY_IDX_8</name>
<id>d4b5abedfaef4c07ab8ba73d2bda8838</id>
<internal>false</internal>
<systemManaged>false</systemManaged>
<unique>false</unique>
<columns>
<columnRef>
<dataObject>ORACLE_PROCESSANALYTICS_ACTIVITY</dataObject>
<column>ACTIVITY_START_TIME</column>
</columnRef>
</columns>
</index>
<index>
<name>BPM_ORA_PA_ACTIVITY_IDX_9</name>
<id>deff9094d0674a509a4997110ae028c8</id>
<internal>false</internal>
<systemManaged>false</systemManaged>
<unique>false</unique>
<columns>
<columnRef>
<dataObject>ORACLE_PROCESSANALYTICS_ACTIVITY</dataObject>
<column>ACTIVITY_END_TIME</column>
</columnRef>
</columns>
</index>
<index>
<name>BPM_ORA_PA_ACTIVITY_IDX_10</name>
<id>483bf93ee62546fd8cfac81fdf611f8c</id>
<internal>false</internal>
<systemManaged>false</systemManaged>
<unique>false</unique>
<columns>
<columnRef>
<dataObject>ORACLE_PROCESSANALYTICS_ACTIVITY</dataObject>
<column>ACTIVITY_INSTANCE_STATUS</column>
</columnRef>
</columns>
</index>
<index>
<name>BPM_ORA_PA_ACTIVITY_IDX_11</name>
<id>9e5112f5e1fa47d396f89c5fbe07c758</id>
<internal>false</internal>
<systemManaged>false</systemManaged>
<unique>false</unique>
<columns>
<columnRef>
<dataObject>ORACLE_PROCESSANALYTICS_ACTIVITY</dataObject>
<column>ROLE_DEFINITION_ID</column>
</columnRef>
</columns>
</index>
<index>
<name>BPM_ORA_PA_ACTIVITY_IDX_12</name>
<id>f3b18d28f30343328b951fe6b1d9e2e4</id>
<internal>false</internal>
<systemManaged>false</systemManaged>
<unique>false</unique>
<columns>
<columnRef>
<dataObject>ORACLE_PROCESSANALYTICS_ACTIVITY</dataObject>
<column>ACTIVITY_PARTICIPANT</column>
</columnRef>
</columns>
</index>
<index>
<name>BPM_ORA_PA_ACTIVITY_IDX_13</name>
<id>1a83ad0503b2480d894451a82602d1f7</id>
<internal>false</internal>
<systemManaged>false</systemManaged>
<unique>false</unique>
<columns>
<columnRef>
<dataObject>ORACLE_PROCESSANALYTICS_ACTIVITY</dataObject>
<column>ACTIVITY_SCOPEID</column>
</columnRef>
</columns>
</index>
<index>
<name>BPM_ORA_PA_ACTIVITY_IDX_14</name>
<id>b99cb755c22a495da4c5ea044ba88f31</id>
<internal>false</internal>
<systemManaged>false</systemManaged>
<unique>false</unique>
<columns>
<columnRef>
<dataObject>ORACLE_PROCESSANALYTICS_ACTIVITY</dataObject>
<column>ACTIVITY_DISCRIMINATOR</column>
</columnRef>
</columns>
</index>
<index>
<name>BPM_ORA_PA_ACTIVITY_IDX_15</name>
<id>467b80e835a0440a91de42f492f71253</id>
<internal>false</internal>
<systemManaged>false</systemManaged>
<unique>false</unique>
<columns>
<columnRef>
<dataObject>ORACLE_PROCESSANALYTICS_ACTIVITY</dataObject>
<column>ECID</column>
</columnRef>
</columns>
</index>
<index>
<name>BPM_ORA_PA_ACTIVITY_IDX_16</name>
<id>e4547eef33b842a690ee439e07be0fb7</id>
<internal>false</internal>
<systemManaged>false</systemManaged>
<unique>false</unique>
<columns>
<columnRef>
<dataObject>ORACLE_PROCESSANALYTICS_ACTIVITY</dataObject>
<column>ORGUNITID</column>
</columnRef>
</columns>
</index>
<index>
<name>BPM_ORA_PA_ACTIVITY_IDX_17</name>
<id>2fe93038f2f14b999e7d28ace06d30a2</id>
<internal>false</internal>
<systemManaged>false</systemManaged>
<unique>false</unique>
<columns>
<columnRef>
<dataObject>ORACLE_PROCESSANALYTICS_ACTIVITY</dataObject>
<column>CASE_DEFINITION_ID</column>
</columnRef>
</columns>
</index>
</indexes>
<hierarchies/>
<flexLimitation>
<totalDecimals>75</totalDecimals>
<totalStrings>80</totalStrings>
<totalIntegers>25</totalIntegers>
<totalFloats>25</totalFloats>
<totalDates>35</totalDates>
<totalLongStrings>21</totalLongStrings>
</flexLimitation>
</ns0:simpleDataObject>