<?xml version = '1.0' encoding = 'UTF-8'?>
<mds:customization version="12.1.3_20140521.1008" xmlns:mds="http://xmlns.oracle.com/mds" motype_local_name="DataControlConfigs" motype_nsuri="http://xmlns.oracle.com/adfm/configuration">
<mds:replace node="AirportAccreditationsDashboard_AccreditationRequestsPerDayPerSecurityLevel"/>
<mds:insert parent="(xmlns(mds_ns1=http://xmlns.oracle.com/adfm/configuration))/mds_ns1:DataControlConfigs" position="last">
<AdapterDataControl id="AirportAccreditationsDashboard_AccreditationRequestsPerDayPerSecurityLevel" FactoryClass="oracle.beam.datacontrol.adapter.BeamDataControlFactoryImpl" ImplDef="oracle.beam.datacontrol.adapter.BeamDataControlDefinition" SupportsTransactions="false" SupportsSortCollection="false" SupportsResetState="false" SupportsRangesize="false" SupportsFindMode="false" SupportsUpdates="false" Definition="oracle.beam.datacontrol.definition.AirportAccreditationsDashboard_AccreditationRequestsPerDayPerSecurityLevel" BeanClass="oracle.beam.datacontrol.definition.AirportAccreditationsDashboard_AccreditationRequestsPerDayPerSecurityLevel" xmlns="http://xmlns.oracle.com/adfm/datacontrol">
<Source>
<BeamDataControl xmlns="http://xmlns.oracle.com/bam/datacontrol" connection="BAMServerConnection1">
<Modifiers>
<Modifier version="1.0" type="GROUP" dataset="ORACLE_PROCESSANALYTICS_AIRPORTACCREDITATIONSERVICE_BPM_PROCESS" queryName="AccreditationRequestsPerDayPerSecurityLevel" subjectArea="AirportAccreditationsDashboard" queryId="/project/AirportAccreditationsDashboard/businessquery/AccreditationRequestsPerDayPerSecurityLevel">
<FieldRefs>
<DatasetField fieldRefID="0" datasetField="BEAM_ID" datasetFieldDisplayName="" order="0" dataType="INTEGER" isGroupLevel="false"/>
<DatasetField fieldRefID="1" datasetField="COMPOSITE_DEFINITION_ID" datasetFieldDisplayName="" order="1" dataType="INTEGER" isGroupLevel="false"/>
<DatasetField fieldRefID="2" datasetField="PROCESS_DEFINITION_ID" datasetFieldDisplayName="" order="2" dataType="INTEGER" isGroupLevel="false"/>
<DatasetField fieldRefID="3" datasetField="COMPONENT_INSTANCE_ID" datasetFieldDisplayName="" order="3" dataType="STRING" isGroupLevel="false"/>
<DatasetField fieldRefID="4" datasetField="COMPOSITE_INSTANCE_ID" datasetFieldDisplayName="" order="4" dataType="STRING" isGroupLevel="false"/>
<DatasetField fieldRefID="5" datasetField="PROCESS_FAULT_TYPE" datasetFieldDisplayName="" order="5" dataType="STRING" isGroupLevel="false"/>
<DatasetField fieldRefID="6" datasetField="PROCESS_START_TIME" datasetFieldDisplayName="" order="6" dataType="DATETIME" isGroupLevel="false"/>
<DatasetField fieldRefID="7" datasetField="PROCESS_END_TIME" datasetFieldDisplayName="" order="7" dataType="DATETIME" isGroupLevel="false"/>
<DatasetField fieldRefID="8" datasetField="PROCESS_LASTUPDATED_TIME" datasetFieldDisplayName="" order="8" dataType="DATETIME" isGroupLevel="false"/>
<DatasetField fieldRefID="9" datasetField="PROCESS_RUNNING_TIME" datasetFieldDisplayName="" order="9" dataType="INTEGER" isGroupLevel="false"/>
<DatasetField fieldRefID="10" datasetField="PROCESS_SUSPEND_TIME" datasetFieldDisplayName="" order="10" dataType="INTEGER" isGroupLevel="false"/>
<DatasetField fieldRefID="11" datasetField="PROCESS_INSTANCE_STATUS" datasetFieldDisplayName="" order="11" dataType="STRING" isGroupLevel="false"/>
<DatasetField fieldRefID="12" datasetField="ECID" datasetFieldDisplayName="" order="12" dataType="STRING" isGroupLevel="false"/>
<DatasetField fieldRefID="13" datasetField="CASEID" datasetFieldDisplayName="" order="13" dataType="STRING" isGroupLevel="false"/>
<DatasetField fieldRefID="14" datasetField="TENANT_ID" datasetFieldDisplayName="" order="14" dataType="INTEGER" isGroupLevel="false"/>
<DatasetField fieldRefID="15" datasetField="FLOW_ID" datasetFieldDisplayName="" order="15" dataType="INTEGER" isGroupLevel="false"/>
<DatasetField fieldRefID="16" datasetField="PROCESS_INSTANCE_TITLE" datasetFieldDisplayName="" order="16" dataType="STRING" isGroupLevel="false"/>
<DatasetField fieldRefID="17" datasetField="CASE_DEFINITION_ID" datasetFieldDisplayName="" order="17" dataType="INTEGER" isGroupLevel="false"/>
<DatasetField fieldRefID="18" datasetField="PROCESS_DUE_TIME" datasetFieldDisplayName="" order="18" dataType="DATETIME" isGroupLevel="false"/>
<DatasetField fieldRefID="19" datasetField="PROCESS_EXPIRATION_TIME" datasetFieldDisplayName="" order="19" dataType="DATETIME" isGroupLevel="false"/>
<DatasetField fieldRefID="20" datasetField="PROCESS_ESTIMATED_TIME" datasetFieldDisplayName="" order="20" dataType="DATETIME" isGroupLevel="false"/>
<DatasetField fieldRefID="21" datasetField="B_REQUIREDLEVEL" datasetFieldDisplayName="" order="21" dataType="DECIMAL" isGroupLevel="false"/>
<DatasetField fieldRefID="22" datasetField="R_REQUIREDLEVEL" datasetFieldDisplayName="" order="22" dataType="STRING" isGroupLevel="false"/>
<DatasetField fieldRefID="23" datasetField="COMPOSITE_DOMAIN_NAME" datasetFieldDisplayName="" order="23" dataType="STRING" isGroupLevel="false"/>
<DatasetField fieldRefID="24" datasetField="COMPOSITE_NAME" datasetFieldDisplayName="" order="24" dataType="STRING" isGroupLevel="false"/>
<DatasetField fieldRefID="25" datasetField="COMPOSITE_REVISION" datasetFieldDisplayName="" order="25" dataType="STRING" isGroupLevel="false"/>
<DatasetField fieldRefID="26" datasetField="COMPOSITE_SCALABEL" datasetFieldDisplayName="" order="26" dataType="STRING" isGroupLevel="false"/>
<DatasetField fieldRefID="27" datasetField="COMPOSITE_DN" datasetFieldDisplayName="" order="27" dataType="STRING" isGroupLevel="false"/>
<DatasetField fieldRefID="28" datasetField="COMPOSITE_BACVERSION" datasetFieldDisplayName="" order="28" dataType="STRING" isGroupLevel="false"/>
<DatasetField fieldRefID="29" datasetField="COMPOSITE_DEPLOY_STATUS" datasetFieldDisplayName="" order="29" dataType="STRING" isGroupLevel="false"/>
<DatasetField fieldRefID="30" datasetField="COMPOSITE_DEPLOYDATE" datasetFieldDisplayName="" order="30" dataType="DATETIME" isGroupLevel="false"/>
<DatasetField fieldRefID="31" datasetField="COMPOSITE_UNDEPLOYDATE" datasetFieldDisplayName="" order="31" dataType="DATETIME" isGroupLevel="false"/>
<DatasetField fieldRefID="32" datasetField="COMPOSITE_LASTUPDATED" datasetFieldDisplayName="" order="32" dataType="DATETIME" isGroupLevel="false"/>
<DatasetField fieldRefID="33" datasetField="ANALYTICS_VIEWER_ROLE" datasetFieldDisplayName="" order="33" dataType="STRING" isGroupLevel="false"/>
<DatasetField fieldRefID="34" datasetField="ANALYTICS_VIEW_IDENTIFIER" datasetFieldDisplayName="" order="34" dataType="STRING" isGroupLevel="false"/>
<DatasetField fieldRefID="35" datasetField="PROCESS_NAME" datasetFieldDisplayName="" order="35" dataType="STRING" isGroupLevel="false"/>
<DatasetField fieldRefID="36" datasetField="PROCESS_LABEL" datasetFieldDisplayName="" order="36" dataType="STRING" isGroupLevel="false"/>
<DatasetField fieldRefID="37" datasetField="PROCESS_TYPE" datasetFieldDisplayName="" order="37" dataType="STRING" isGroupLevel="false"/>
<DatasetField fieldRefID="38" datasetField="PROCESS_DEPLOYMENT_STATUS" datasetFieldDisplayName="" order="38" dataType="INTEGER" isGroupLevel="false"/>
<DatasetField fieldRefID="39" datasetField="PROCESS_MIGRATION_STATUS" datasetFieldDisplayName="" order="39" dataType="STRING" isGroupLevel="false"/>
<DatasetField fieldRefID="40" datasetField="ORGUNITID" datasetFieldDisplayName="" order="40" dataType="STRING" isGroupLevel="false"/>
<DatasetField fieldRefID="41" datasetField="PROCESS_DEPLOYDATE" datasetFieldDisplayName="" order="41" dataType="DATETIME" isGroupLevel="false"/>
<DatasetField fieldRefID="42" datasetField="PROCESS_UNDEPLOYDATE" datasetFieldDisplayName="" order="42" dataType="DATETIME" isGroupLevel="false"/>
<DatasetField fieldRefID="43" datasetField="PROCESS_DEFN_LASTUPDATED" datasetFieldDisplayName="" order="43" dataType="DATETIME" isGroupLevel="false"/>
<DatasetField fieldRefID="44" datasetField="PROCESS_OWNER_ROLE" datasetFieldDisplayName="" order="44" dataType="STRING" isGroupLevel="false"/>
<DatasetField fieldRefID="45" datasetField="PROCESS_REVIEWER_ROLE" datasetFieldDisplayName="" order="45" dataType="STRING" isGroupLevel="false"/>
<DatasetField fieldRefID="46" datasetField="PROCESS_ISPRIMARY" datasetFieldDisplayName="" order="46" dataType="STRING" isGroupLevel="false"/>
<DatasetField fieldRefID="47" datasetField="B_REQUESTINGORGANIZATION" datasetFieldDisplayName="" order="47" dataType="STRING" isGroupLevel="false"/>
<DatasetField fieldRefID="48" datasetField="B_REQUESTEDSECURITYLEVEL" datasetFieldDisplayName="" order="48" dataType="DECIMAL" isGroupLevel="false"/>
<DatasetField fieldRefID="49" datasetField="R_REQUESTEDSECURITYLEVEL" datasetFieldDisplayName="" order="49" dataType="STRING" isGroupLevel="false"/>
<DatasetField fieldRefID="50" datasetField="B_REQUIREDSECURITYLEVEL" datasetFieldDisplayName="" order="50" dataType="DECIMAL" isGroupLevel="false"/>
<DatasetField fieldRefID="51" datasetField="S_REQUIREDSECURITYLEVEL" datasetFieldDisplayName="" order="51" dataType="DECIMAL" isGroupLevel="false"/>
<DatasetField fieldRefID="52" datasetField="DATAOBJECT_CREATED" datasetFieldDisplayName="" order="52" dataType="DATETIME" isGroupLevel="false"/>
<DatasetField fieldRefID="53" datasetField="DATAOBJECT_MODIFIED" datasetFieldDisplayName="" order="53" dataType="DATETIME" isGroupLevel="false"/>
<DatasetField CalculatedFieldID="0'" fieldRefID="54'" datasetField="PROCESS_RUNNING_TIME_IN_SEC" datasetFieldDisplayName="PROCESS_RUNNING_TIME_IN_SEC" order="54" dataType="INTEGER" isGroupLevel="false"/>
<DatasetField CalculatedFieldID="1'" fieldRefID="55'" datasetField="PROCESS_RUNNING_TIME_IN_MIN" datasetFieldDisplayName="PROCESS_RUNNING_TIME_IN_MIN" order="55" dataType="INTEGER" isGroupLevel="false"/>
<DatasetField CalculatedFieldID="2'" fieldRefID="56'" datasetField="TIME_IN_SECONDS_SINCE_STARTED" datasetFieldDisplayName="TIME_IN_SECONDS_SINCE_STARTED" order="56" dataType="INTEGER" isGroupLevel="false"/>
</FieldRefs>
<CalculatedFields>
<CalculatedField CalculatedFieldID="0">
<CalculatedFieldName>PROCESS_RUNNING_TIME_IN_SEC</CalculatedFieldName>
<CalcExpression>PROCESS_RUNNING_TIME/1000</CalcExpression>
<CalculatedExpr>
<Expression>
<Value bParameter="false">PROCESS_RUNNING_TIME</Value>
<BinaryOpr>/</BinaryOpr>
<Value bParameter="false">1000</Value>
</Expression>
</CalculatedExpr>
</CalculatedField>
<CalculatedField CalculatedFieldID="1">
<CalculatedFieldName>PROCESS_RUNNING_TIME_IN_MIN</CalculatedFieldName>
<CalcExpression>PROCESS_RUNNING_TIME/60000</CalcExpression>
<CalculatedExpr>
<Expression>
<Value bParameter="false">PROCESS_RUNNING_TIME</Value>
<BinaryOpr>/</BinaryOpr>
<Value bParameter="false">60000</Value>
</Expression>
</CalculatedExpr>
</CalculatedField>
<CalculatedField CalculatedFieldID="2">
<CalculatedFieldName>TIME_IN_SECONDS_SINCE_STARTED</CalculatedFieldName>
<CalcExpression>DATEDIFF(SQL_TSI_SECOND,{PROCESS_START_TIME},NOW())</CalcExpression>
<CalculatedExpr>
<Function>
<FunctionName>DATEDIFF</FunctionName>
<FunctionArguments>
<Value bParameter="false">SQL_TSI_SECOND</Value>
<Value bParameter="false">PROCESS_START_TIME</Value>
<Function>
<FunctionName>NOW</FunctionName>
<FunctionArguments/>
</Function>
</FunctionArguments>
</Function>
</CalculatedExpr>
</CalculatedField>
</CalculatedFields>
<RecordFields/>
<Groups collapsed="true">
<Group level="0"/>
<Group level="1" order="ASC" datasetField="PROCESS_START_TIME" labelFlag="false" dataType="DATETIME" iQuantity="1" eTimeUnit="DAYOFMONTH" isTimeline="true" zeroFill="false"/>
<Group level="2" order="ASC" datasetField="B_REQUESTEDSECURITYLEVEL" labelFlag="true" dataType="DECIMAL">
<Aggregate operandDatasetField="*" operation="COUNT" fieldID="COUNTX"/>
</Group>
</Groups>
<Filter>
<Branch name="Root" type="ALL">
<Branch name="internalFilter" type="ALL">
<Entry type="NOTNULL">
<Node type="COLUMN">B_REQUESTEDSECURITYLEVEL</Node>
<Node type="NULL"/>
</Entry>
</Branch>
<Branch name="runtimeFilter" type="ALL"/>
</Branch>
</Filter>
<GroupFilter>
<Branch name="groupFilter" type="ALL"/>
</GroupFilter>
<Sorts/>
<Parameters/>
</Modifier>
<InsertNewRecordPosition>INSERT_AFTER</InsertNewRecordPosition>
<AuthenticationType>USE_BAM_CONNECTION_CREDENTIAL</AuthenticationType>
</Modifiers>
</BeamDataControl>
</Source>
</AdapterDataControl>
</mds:insert>
</mds:customization>